AÑO,RAMO_ID,RAMO,DENOMINACION, MONTO ,FACTOR, VALOR_REAL 
2013,4,Gobernacion,Coordinación del Sistema Nacional de Protección Civil,"$202,098,298.00 ",1.08598,"$186,097,624.30 "
2013,6,Hacienda y Credito Publico,Manejo y Conservación de Recursos Naturales en Zonas Indígenas,"$46,200,000.00 ",1.08598,"$42,542,219.93 "
2013,8,"Agricultura, Ganaderia, Desarrollo Rural, Pesca y Alimentacion",Programa de Prevencion y Manejo de Riesgos,"$2,500,000,000.00 ",1.08598,"$2,302,068,178.00 "
2013,8,"Agricultura, Ganaderia, Desarrollo Rural, Pesca y Alimentacion",Programa de Sustentabilidad de los Recursos Naturales,"$8,230,000,000.00 ",1.08598,"$7,578,408,442.00 "
2013,9,Comunicaciones y Transportes,Reconstrucción de carreteras,"$1,068,600,000.00 ",1.08598,"$983,996,022.00 "
2013,12,Salud,Vigilancia epidemiologica,"$634,173,187.00 ",1.08598,"$583,963,965.30 "
2013,13,Marina,Seguridad a la Navegacion y Proteccion al Medio Ambiente Marino,"$200,819,326.00 ",1.08598,"$184,919,912.00 "
2013,16,Medio Ambiente y Recursos Naturales,Investigacion cientifica y tecnologica,"$515,186,915.00 ",1.08598,"$474,398,161.10 "
2013,16,Medio Ambiente y Recursos Naturales,ProÁrbol.- Capacitación Ambiental y Desarrollo Sustentable,"$2,101,714,010.00 ",1.08598,"$1,935,315,577.00 "
2013,16,Medio Ambiente y Recursos Naturales,Consolidar el Sistema Nacional de Areas Naturales Protegidas,"$253,185,840.00 ",1.08598,"$233,140,426.20 "
2013,16,Medio Ambiente y Recursos Naturales,Programas Hidricos Integrales,"$1,481,870,889.00 ",1.08598,"$1,364,547,127.00 "
2013,16,Medio Ambiente y Recursos Naturales,Programa de Inversion en Infraestructura Social y de Proteccion Ambiental,"$551,507,623.00 ",1.08598,"$507,843,259.50 "
2013,16,Medio Ambiente y Recursos Naturales,Actividades de apoyo administrativo,"$8,432,389.00 ",1.08598,"$7,764,773.75 "
2013,16,Medio Ambiente y Recursos Naturales,Programa para atender desastres naturales,"$193,032,700.00 ",1.08598,"$177,749,774.40 "
2013,16,Medio Ambiente y Recursos Naturales,Actividades de apoyo a la funcion publica y buen gobierno,"$2,030,534.00 ",1.08598,"$1,869,771.08 "
2013,16,Medio Ambiente y Recursos Naturales,"Planeacion, Direccion y  Evaluacion Ambiental","$1,014,192.00 ",1.08598,"$933,895.65 "
2013,16,Medio Ambiente y Recursos Naturales,Programa de Conservación para el Desarrollo Sostenible (PROCODES) (incluye acciones de mitigación),"$217,364,998.00 ",1.08598,"$200,155,618.00 "
2013,16,Medio Ambiente y Recursos Naturales,Programa de Tratamiento de Aguas Residuales,"$2,785,902,986.00 ",1.08598,"$2,565,335,444.00 "
2013,16,Medio Ambiente y Recursos Naturales,Prevencion y gestion integral de residuos,"$550,355,521.00 ",1.08598,"$506,782,372.60 "
2013,16,Medio Ambiente y Recursos Naturales,Fomento para la Conservacion y Aprovechamiento Sustentable de la Vida Silvestre,"$162,106,585.00 ",1.08598,"$149,272,164.30 "
2013,16,Medio Ambiente y Recursos Naturales,Programa de Vigilancia Comunitaria en Areas Naturales Protegidas y Zonas de Influencia,"$20,700,000.00 ",1.08598,"$19,061,124.51 "
2013,16,Medio Ambiente y Recursos Naturales,Programa de Recuperación y Repoblación de Especies en Peligro de Extinción,"$109,522,000.00 ",1.08598,"$100,850,844.40 "
2013,16,Medio Ambiente y Recursos Naturales,ProÁrbol.-Desarrollo Forestal,"$2,530,000,000.00 ",1.08598,"$2,329,692,996.00 "
2013,18,Energia,Gestión e implementación en aprovechamiento sustentable de la energía,"$27,745,000.00 ",1.08598,"$25,548,352.64 "
2013,18,Energia,Promocion en materia de aprovechamiento sustentable de la energia,"$23,245,151.00 ",1.08598,"$21,404,768.96 "
2013,18,Energia,Supervisar el aprovechamiento sustentable de la energia,"$12,681,256.00 ",1.08598,"$11,677,246.36 "
2013,18,Energia,Actividades de apoyo administrativo,"$4,838,840.00 ",1.08598,"$4,455,735.83 "
2013,18,Energia,Conduccion de la politica energetica,"$208,437,426.00 ",1.08598,"$191,934,866.20 "
2013,18,Energia,Coordinacion de la implementacion de la politica energetica y de las entidades del sector electricidad,"$90,195,326.00 ",1.08598,"$83,054,315.92 "
2013,18,Energia,Seguimiento y evaluacion de politicas publicas en aprovechamiento sustentable de la energia,"$21,044,999.00 ",1.08598,"$19,378,809.00 "
2013,18,Energia,Fondo para la Transicion Energetica y Aprovechamiento Sustentable de Energia,"$300,000,000.00 ",1.08598,"$276,248,181.40 "
2013,20,Desarrollo Social,Programa Prevención de Riesgos en los Asentamientos Humanos,"$49,769,060.00 ",1.08598,"$45,828,707.71 "
2013,21,Turismo,Establecer y conducir la política de turismo,"$655,000.00 ",1.08598,"$603,141.86 "
2013,23,Provisiones Salariales y Economicas,Fondo de Desastres Naturales (FONDEN),"$5,507,887,975.00 ",1.08598,"$5,071,813,454.00 "
2013,23,Provisiones Salariales y Economicas,Fondo de Prevencion de Desastres Naturales (FOPREDEN),"$322,920,000.00 ",1.08598,"$297,353,542.40 "
2013,38,Consejo Nacional de Ciencia y Tecnología,"Apoyos institucionales para actividades cientificas, tecnologicas y de innovacion","$150,000.00 ",1.08598,"$138,124.09 "
2013,52,Petroleos Mexicanos,Actividades destinadas a la operación y mantenimiento de la infraestructura básica en ecología,"$3,533,988,992.00 ",1.08598,"$3,254,193,440.00 "
2013,53,Comision Federal de Electricidad,Promocion de medidas para el ahorro y uso eficiente de la energia electrica,"$45,417,244.00 ",1.08598,"$41,821,436.86 "
2014,4,Gobernacion,Coordinación del Sistema Nacional de Protección Civil,"$241,797,812.00 ",1.13099,"$213,793,059.20 "
2014,6,Hacienda y Credito Publico,Programa para el Mejoramiento de la Produccion y la Productividad Indigena,"$48,096,746.00 ",1.13099,"$42,526,234.54 "
2014,8,"Agricultura, Ganaderia, Desarrollo Rural, Pesca y Alimentacion",Programa de Fomento a la Agricultura,"$851,977,598.00 ",1.13099,"$753,302,503.10 "
2014,8,"Agricultura, Ganaderia, Desarrollo Rural, Pesca y Alimentacion",Programa de fomento a la Productividad Pesquera y Acuicola,"$591,188,004.00 ",1.13099,"$522,717,268.90 "
2014,8,"Agricultura, Ganaderia, Desarrollo Rural, Pesca y Alimentacion",Programa de Fomento Ganadero,"$4,560,771,176.00 ",1.13099,"$4,032,547,747.00 "
2014,8,"Agricultura, Ganaderia, Desarrollo Rural, Pesca y Alimentacion",Programa Integral de Desarrollo Rural,"$5,711,073,748.00 ",1.13099,"$5,049,623,558.00 "
2014,9,Comunicaciones y Transportes,Reconstruccion y Conservacion de Carreteras,"$1,075,349,983.00 ",1.13099,"$950,804,147.70 "
2014,10,Economia,Promocion de una cultura de consumo responsable e inteligente,"$450,000.00 ",1.13099,"$397,881.50 "
2014,10,Economia,Promocion del Comercio Exterior y Atraccion de Inversion Extranjera Directa,"$10,000,000.00 ",1.13099,"$8,841,811.16 "
2014,12,Salud,Proteccion Contra Riesgos Sanitarios,"$268,221,810.00 ",1.13099,"$237,156,659.20 "
2014,12,Salud,Vigilancia epidemiologica,"$382,887,782.00 ",1.13099,"$338,542,146.30 "
2014,13,Marina,Seguridad a la Navegacion y Proteccion al Medio Ambiente Marino,"$201,903,004.00 ",1.13099,"$178,518,823.30 "
2014,15,"Desarrollo Agrario, Territorial y Urbano",Programa de prevencion de riesgos en los asentamientos humanos,"$34,090,000.00 ",1.13099,"$30,141,734.23 "
2014,15,"Desarrollo Agrario, Territorial y Urbano",Programa de Reordenamiento y Rescate de Unidades Habitacionales,"$17,000,000.00 ",1.13099,"$15,031,078.97 "
2014,16,Medio Ambiente y Recursos Naturales,Actividades de apoyo a la funcion publica y buen gobierno,"$15,573,904.00 ",1.13099,"$13,770,151.81 "
2014,16,Medio Ambiente y Recursos Naturales,Actividades de apoyo administrativo,"$11,931,867.00 ",1.13099,"$10,549,931.48 "
2014,16,Medio Ambiente y Recursos Naturales,Capacitacion Ambiental y Desarrollo Sustentable,"$7,533,904.00 ",1.13099,"$6,661,335.64 "
2014,16,Medio Ambiente y Recursos Naturales,Consolidar el Sistema Nacional de Areas Naturales Protegidas,"$246,188,091.00 ",1.13099,"$217,674,861.00 "
2014,16,Medio Ambiente y Recursos Naturales,"Cuotas, Apoyos y Aportaciones a Organismos Internacionales","$18,259,938.00 ",1.13099,"$16,145,092.35 "
2014,16,Medio Ambiente y Recursos Naturales,Fideicomisos Ambientales,"$1,110,000.00 ",1.13099,"$981,441.04 "
2014,16,Medio Ambiente y Recursos Naturales,Fomento a Programas de Calidad del Aire y Verificacion Vehicular,"$1,471,006.00 ",1.13099,"$1,300,635.73 "
2014,16,Medio Ambiente y Recursos Naturales,Fomento para la Conservacion y Aprovechamiento Sustentable de la Vida Silvestre,"$174,033,972.00 ",1.13099,"$153,877,551.50 "
2014,16,Medio Ambiente y Recursos Naturales,Infraestructura para la Proteccion de Centros de Poblacion y Areas Productivas,"$2,896,487,147.00 ",1.13099,"$2,561,019,237.00 "
2014,16,Medio Ambiente y Recursos Naturales,Inversion del Servicio Meteorologico Nacional,"$63,957,296.00 ",1.13099,"$56,549,833.33 "
2014,16,Medio Ambiente y Recursos Naturales,Inversion para el Manejo Integral del Ciclo Hidrologico,"$71,820,571.00 ",1.13099,"$63,502,392.59 "
2014,16,Medio Ambiente y Recursos Naturales,Investigacion cientifica y tecnologica,"$253,994,512.00 ",1.13099,"$224,577,151.00 "
2014,16,Medio Ambiente y Recursos Naturales,"Investigacion en Cambio Climatico, sustentabilidad ambiental y crecimiento verde","$244,013,625.00 ",1.13099,"$215,752,239.20 "
2014,16,Medio Ambiente y Recursos Naturales,Manejo Sustentable de tierras,"$3,100,000.00 ",1.13099,"$2,740,961.46 "
2014,16,Medio Ambiente y Recursos Naturales,Normatividad Ambiental e Instrumentos de Fomento para el Desarrollo Sustentable,"$24,082,832.00 ",1.13099,"$21,293,585.27 "
2014,16,Medio Ambiente y Recursos Naturales,"Planeacion, Direccion y  Evaluacion Ambiental","$160,989,196.00 ",1.13099,"$142,343,606.90 "
2014,16,Medio Ambiente y Recursos Naturales,Politicas de Investigacion de Cambio Climatico,"$5,185,413.00 ",1.13099,"$4,584,844.25 "
2014,16,Medio Ambiente y Recursos Naturales,Prevencion y gestion integral de residuos,"$653,493,238.00 ",1.13099,"$577,806,380.30 "
2014,16,Medio Ambiente y Recursos Naturales,Programa de Conservacion para el Desarrollo Sostenible (PROCODES),"$225,600,000.00 ",1.13099,"$199,471,259.70 "
2014,16,Medio Ambiente y Recursos Naturales,Programa de Cultura del Agua,"$1,094,000.00 ",1.13099,"$967,294.14 "
2014,16,Medio Ambiente y Recursos Naturales,Programa de Desarrollo Institucional y  Ambiental,"$450,000.00 ",1.13099,"$397,881.50 "
2014,16,Medio Ambiente y Recursos Naturales,Programa de Inspeccion y Vigilancia en Materia de Medio Ambiente y Recursos Naturales,"$56,597,819.00 ",1.13099,"$50,042,722.75 "
2014,16,Medio Ambiente y Recursos Naturales,Programa de Inversion en Infraestructura Social y de Proteccion Ambiental,"$13,620,712.00 ",1.13099,"$12,043,176.33 "
2014,16,Medio Ambiente y Recursos Naturales,Programa de Tratamiento de Aguas Residuales,"$108,585,000.00 ",1.13099,"$96,008,806.44 "
2014,16,Medio Ambiente y Recursos Naturales,Programa de Vigilancia Comunitaria en Areas Naturales Protegidas y Zonas de Influencia,"$21,500,000.00 ",1.13099,"$19,009,893.99 "
2014,16,Medio Ambiente y Recursos Naturales,Programa hacia la igualdad y la sustentabilidad ambiental,"$4,047,839.00 ",1.13099,"$3,579,022.80 "
2014,16,Medio Ambiente y Recursos Naturales,Programa Nacional Forestal Pago por Servicios Ambientales,"$2,134,059,070.00 ",1.13099,"$1,886,894,729.00 "
2014,16,Medio Ambiente y Recursos Naturales,Programa Nacional Forestal-Desarrollo Forestal,"$2,550,140,930.00 ",1.13099,"$2,254,786,453.00 "
2014,16,Medio Ambiente y Recursos Naturales,Programa Nacional Forestal-Proteccion Forestal,"$2,265,640,700.00 ",1.13099,"$2,003,236,722.00 "
2014,16,Medio Ambiente y Recursos Naturales,Programa para atender desastres naturales,"$200,382,000.00 ",1.13099,"$177,173,980.30 "
2014,16,Medio Ambiente y Recursos Naturales,Programas Hidricos Integrales,"$332,831,400.00 ",1.13099,"$294,283,238.60 "
2014,16,Medio Ambiente y Recursos Naturales,Regulacion Ambiental,"$68,455,187.00 ",1.13099,"$60,526,783.61 "
2014,16,Medio Ambiente y Recursos Naturales,Servicio Meteorológico Nacional y  Estaciones Hidrometeorológicas,"$243,135,439.00 ",1.13099,"$214,975,763.70 "
2014,16,Medio Ambiente y Recursos Naturales,Zona de Mitigación y Rescate Ecológico en el Lago de Texcoco,"$46,727,877.00 ",1.13099,"$41,315,906.42 "
2014,18,Energia,Actividades de apoyo administrativo,"$4,838,840.00 ",1.13099,"$4,278,410.95 "
2014,18,Energia,Conduccion de la politica energetica,"$237,294,466.00 ",1.13099,"$209,811,285.70 "
2014,18,Energia,Coordinacion de la implementacion de la politica energetica y de las entidades del sector electricidad,"$96,753,271.00 ",1.13099,"$85,547,415.10 "
2014,18,Energia,Fondo para la Transicion Energetica y Aprovechamiento Sustentable de Energia,"$1,030,300,000.00 ",1.13099,"$910,971,803.50 "
2014,18,Energia,Gestión e implementación en aprovechamiento sustentable de la energía,"$29,161,927.00 ",1.13099,"$25,784,425.15 "
2014,18,Energia,Mantenimiento de infraestructura,"$100,648,282.00 ",1.13099,"$88,991,310.27 "
2014,18,Energia,Otros programas de inversion,$102.00 ,1.13099,$90.19 
2014,18,Energia,Otros proyectos,"$36,409,731.00 ",1.13099,"$32,192,796.58 "
2014,18,Energia,Promocion de medidas para el ahorro y uso eficiente de la energia electrica,"$6,087,816.00 ",1.13099,"$5,382,731.94 "
2014,18,Energia,Promocion en materia de aprovechamiento sustentable de la energia,"$21,572,757.00 ",1.13099,"$19,074,224.35 "
2014,18,Energia,Proyectos de infraestructura economica de hidrocarburos,"$2,170,791,072.00 ",1.13099,"$1,919,372,472.00 "
2014,18,Energia,Seguimiento y evaluacion de politicas publicas en aprovechamiento sustentable de la energia,"$21,366,819.00 ",1.13099,"$18,892,137.86 "
2014,18,Energia,Supervisar el aprovechamiento sustentable de la energia,"$13,326,868.00 ",1.13099,"$11,783,365.02 "
2014,21,Turismo,Actividades de apoyo a la funcion publica y buen gobierno,"$1,648.00 ",1.13099,"$1,457.13 "
2014,21,Turismo,Actividades de apoyo administrativo,"$25,371.00 ",1.13099,"$22,432.56 "
2014,21,Turismo,Desarrollo de infraestructura para el fomento y promocion de la inversion en el sector turistico,"$219,798.00 ",1.13099,"$194,341.24 "
2014,21,Turismo,Desarrollo e innovacion de productos turisticos sustentables,"$68,161.00 ",1.13099,"$60,266.67 "
2014,21,Turismo,Impulso a la competitividad del sector turismo,"$68,514.00 ",1.13099,"$60,578.78 "
2014,21,Turismo,Planeacion y conduccion de la politica de turismo,"$204,327.00 ",1.13099,"$180,662.07 "
2014,21,Turismo,Promocion de Mexico como Destino Turistico,"$33,911.00 ",1.13099,"$29,983.47 "
2014,21,Turismo,Regulacion y certificacion  de estandares de calidad turistica,"$24,180.00 ",1.13099,"$21,379.50 "
2014,21,Turismo,Servicios de asistencia integral e informacion turistica,"$9,090.00 ",1.13099,"$8,037.21 "
2014,23,Provisiones Salariales y Economicas,Fondo de Desastres Naturales (FONDEN),"$6,245,468,947.00 ",1.13099,"$5,522,125,701.00 "
2014,23,Provisiones Salariales y Economicas,Fondo de Prevencion de Desastres Naturales (FOPREDEN),"$335,190,960.00 ",1.13099,"$296,369,517.00 "
2014,38,"Consejo Nacional de Humanidades, Ciencia y Tecnologia","Apoyos institucionales para actividades cientificas, tecnologicas y de innovacion","$2,000,000.00 ",1.13099,"$1,768,362.23 "
2014,38,"Consejo Nacional de Humanidades, Ciencia y Tecnologia",Becas de posgrado y otras modalidades de apoyo a la calidad,"$100,000,000.00 ",1.13099,"$88,418,111.57 "
2014,38,"Consejo Nacional de Humanidades, Ciencia y Tecnologia","Innovacion tecnologica para negocios de alto valor agregado, tecnologias precursoras y competitividad de las empresas","$130,000,000.00 ",1.13099,"$114,943,545.00 "
2015,4,Gobernacion,Coordinación del Sistema Nacional de Protección Civil,"$240,030,704.00 ",1.16174,"$206,613,101.00 "
2015,6,Hacienda y Credito Publico,Programa para el Mejoramiento de la Produccion y la Productividad Indigena,"$54,150,000.00 ",1.16174,"$46,611,117.81 "
2015,8,"Agricultura, Ganaderia, Desarrollo Rural, Pesca y Alimentacion",Programa de Fomento a la Agricultura,"$1,097,958,287.00 ",1.16174,"$945,098,117.50 "
2015,8,"Agricultura, Ganaderia, Desarrollo Rural, Pesca y Alimentacion",Programa de fomento a la Productividad Pesquera y Acuicola,"$1,995,840,181.00 ",1.16174,"$1,717,974,918.00 "
2015,8,"Agricultura, Ganaderia, Desarrollo Rural, Pesca y Alimentacion",Programa de Fomento Ganadero,"$4,420,744,342.00 ",1.16174,"$3,805,278,584.00 "
2015,8,"Agricultura, Ganaderia, Desarrollo Rural, Pesca y Alimentacion",Programa Integral de Desarrollo Rural,"$5,977,931,569.00 ",1.16174,"$5,145,670,777.00 "
2015,9,Comunicaciones y Transportes,Reconstruccion y Conservacion de Carreteras,"$1,329,333,000.00 ",1.16174,"$1,144,260,334.00 "
2015,10,Economia,Promocion de una cultura de consumo responsable e inteligente,"$450,000.00 ",1.16174,"$387,350.01 "
2015,10,Economia,Promocion del Comercio Exterior y Atraccion de Inversion Extranjera Directa,"$10,000,000.00 ",1.16174,"$8,607,777.99 "
2015,12,Salud,Proteccion Contra Riesgos Sanitarios,"$270,895,964.00 ",1.16174,"$233,181,231.60 "
2015,12,Salud,Vigilancia epidemiologica,"$372,887,782.00 ",1.16174,"$320,973,524.20 "
2015,13,Marina,Seguridad a la Navegacion y Proteccion al Medio Ambiente Marino,"$178,708,250.00 ",1.16174,"$153,828,094.10 "
2015,15,"Desarrollo Agrario, Territorial y Urbano",Programa de prevencion de riesgos en los asentamientos humanos,"$35,264,198.00 ",1.16174,"$30,354,638.73 "
2015,15,"Desarrollo Agrario, Territorial y Urbano",Programa de Reordenamiento y Rescate de Unidades Habitacionales,"$17,571,995.00 ",1.16174,"$15,125,583.18 "
2015,16,Medio Ambiente y Recursos Naturales,Actividades de apoyo a la funcion publica y buen gobierno,"$4,330,695.00 ",1.16174,"$3,727,766.11 "
2015,16,Medio Ambiente y Recursos Naturales,Actividades de apoyo administrativo,"$13,226,305.00 ",1.16174,"$11,384,909.70 "
2015,16,Medio Ambiente y Recursos Naturales,Capacitacion Ambiental y Desarrollo Sustentable,"$7,581,473.00 ",1.16174,"$6,525,963.64 "
2015,16,Medio Ambiente y Recursos Naturales,Consolidar el Sistema Nacional de Areas Naturales Protegidas,"$246,188,091.00 ",1.16174,"$211,913,243.10 "
2015,16,Medio Ambiente y Recursos Naturales,"Cuotas, Apoyos y Aportaciones a Organismos Internacionales","$18,259,938.00 ",1.16174,"$15,717,749.24 "
2015,16,Medio Ambiente y Recursos Naturales,Fideicomisos Ambientales,"$1,110,000.00 ",1.16174,"$955,463.36 "
2015,16,Medio Ambiente y Recursos Naturales,Fomento a Programas de Calidad del Aire y Verificacion Vehicular,"$1,471,006.00 ",1.16174,"$1,266,209.31 "
2015,16,Medio Ambiente y Recursos Naturales,Fomento para la Conservacion y Aprovechamiento Sustentable de la Vida Silvestre,"$179,951,127.00 ",1.16174,"$154,897,935.00 "
2015,16,Medio Ambiente y Recursos Naturales,Incentivos para la operación de plantas de tratamiento de aguas residuales,"$258,500,000.00 ",1.16174,"$222,511,061.00 "
2015,16,Medio Ambiente y Recursos Naturales,Investigacion cientifica y tecnologica,"$250,006,416.00 ",1.16174,"$215,199,972.50 "
2015,16,Medio Ambiente y Recursos Naturales,"Investigacion en Cambio Climatico, sustentabilidad ambiental y crecimiento verde","$242,417,912.00 ",1.16174,"$208,667,956.70 "
2015,16,Medio Ambiente y Recursos Naturales,Normatividad Ambiental e Instrumentos de Fomento para el Desarrollo Sustentable,"$37,547,969.00 ",1.16174,"$32,320,458.11 "
2015,16,Medio Ambiente y Recursos Naturales,"Planeacion, Direccion y  Evaluacion Ambiental","$143,733,541.00 ",1.16174,"$123,722,641.00 "
2015,16,Medio Ambiente y Recursos Naturales,Politicas de Investigacion de Cambio Climatico,"$5,226,620.00 ",1.16174,"$4,498,958.46 "
2015,16,Medio Ambiente y Recursos Naturales,Prevencion y gestion integral de residuos,"$675,712,008.00 ",1.16174,"$581,637,894.90 "
2015,16,Medio Ambiente y Recursos Naturales,Programa de Conservacion para el Desarrollo Sostenible (PROCODES),"$226,242,795.00 ",1.16174,"$194,744,775.10 "
2015,16,Medio Ambiente y Recursos Naturales,Programa de Desarrollo Institucional y  Ambiental,"$465,300.00 ",1.16174,"$400,519.91 "
2015,16,Medio Ambiente y Recursos Naturales,Programa de Empleo Temporal,"$589,158,594.00 ",1.16174,"$507,134,637.70 "
2015,16,Medio Ambiente y Recursos Naturales,Programa de Inspeccion y Vigilancia en Materia de Medio Ambiente y Recursos Naturales,"$56,597,819.00 ",1.16174,"$48,718,146.06 "
2015,16,Medio Ambiente y Recursos Naturales,Programa de Inversion en Infraestructura Social y de Proteccion Ambiental,"$3,263,180.00 ",1.16174,"$2,808,872.90 "
2015,16,Medio Ambiente y Recursos Naturales,Programa de Tratamiento de Aguas Residuales,"$2,990,087,387.00 ",1.16174,"$2,573,800,839.00 "
2015,16,Medio Ambiente y Recursos Naturales,Programa de Vigilancia Comunitaria en Areas Naturales Protegidas y Zonas de Influencia,"$22,231,000.00 ",1.16174,"$19,135,951.25 "
2015,16,Medio Ambiente y Recursos Naturales,Programa hacia la igualdad y la sustentabilidad ambiental,"$4,185,465.00 ",1.16174,"$3,602,755.35 "
2015,16,Medio Ambiente y Recursos Naturales,Programa Nacional Forestal Pago por Servicios Ambientales,"$2,206,617,078.00 ",1.16174,"$1,899,406,991.00 "
2015,16,Medio Ambiente y Recursos Naturales,Programa Nacional Forestal-Desarrollo Forestal,"$2,786,727,721.00 ",1.16174,"$2,398,753,354.00 "
2015,16,Medio Ambiente y Recursos Naturales,Programa Nacional Forestal-Proteccion Forestal,"$2,261,070,104.00 ",1.16174,"$1,946,278,947.00 "
2015,16,Medio Ambiente y Recursos Naturales,Regulacion Ambiental,"$68,890,086.00 ",1.16174,"$59,299,056.59 "
2015,16,Medio Ambiente y Recursos Naturales,Túnel Emisor Oriente y planta de Tratamiento Atotonilco,"$3,250,584,400.00 ",1.16174,"$2,798,030,885.00 "
2015,18,Energia,Actividades de apoyo administrativo,"$4,850,000.00 ",1.16174,"$4,174,772.32 "
2015,18,Energia,Conduccion de la politica energetica,"$262,613,619.00 ",1.16174,"$226,051,972.90 "
2015,18,Energia,Coordinacion de la implementacion de la politica energetica y de las entidades del sector electricidad,"$209,790,076.00 ",1.16174,"$180,582,639.80 "
2015,18,Energia,Fondo para la Transicion Energetica y Aprovechamiento Sustentable de Energia,"$430,300,000.00 ",1.16174,"$370,392,686.80 "
2015,18,Energia,Gestión e implementación en aprovechamiento sustentable de la energía,"$33,188,562.00 ",1.16174,"$28,567,977.34 "
2015,18,Energia,Mantenimiento de infraestructura,"$125,160,315.00 ",1.16174,"$107,735,220.50 "
2015,18,Energia,Otros proyectos,"$54,150,864.00 ",1.16174,"$46,611,861.52 "
2015,18,Energia,Promocion de medidas para el ahorro y uso eficiente de la energia electrica,"$5,313,434.00 ",1.16174,"$4,573,686.02 "
2015,18,Energia,Promocion en materia de aprovechamiento sustentable de la energia,"$25,716,076.00 ",1.16174,"$22,135,827.29 "
2015,18,Energia,Proyectos de infraestructura economica de hidrocarburos,"$315,977,830.00 ",1.16174,"$271,986,701.00 "
2015,18,Energia,Seguimiento y evaluacion de politicas publicas en aprovechamiento sustentable de la energia,"$25,498,454.00 ",1.16174,"$21,948,503.11 "
2015,18,Energia,Supervisar el aprovechamiento sustentable de la energia,"$16,963,027.00 ",1.16174,"$14,601,397.04 "
2015,21,Turismo,Planeacion y conduccion de la politica de turismo,"$655,000.00 ",1.16174,"$563,809.46 "
2015,23,Provisiones Salariales y Economicas,Fondo de Desastres Naturales (FONDEN),"$6,008,472,100.00 ",1.16174,"$5,171,959,389.00 "
2015,23,Provisiones Salariales y Economicas,Fondo de Prevencion de Desastres Naturales (FOPREDEN),"$346,587,453.00 ",1.16174,"$298,334,784.90 "
2015,38,"Consejo Nacional de Humanidades, Ciencia y Tecnologia","Apoyos institucionales para actividades cientificas, tecnologicas y de innovacion","$5,000,000.00 ",1.16174,"$4,303,888.99 "
2015,38,"Consejo Nacional de Humanidades, Ciencia y Tecnologia",Becas de posgrado y otras modalidades de apoyo a la calidad,"$100,000,000.00 ",1.16174,"$86,077,779.88 "
2015,38,"Consejo Nacional de Humanidades, Ciencia y Tecnologia","Innovacion tecnologica para negocios de alto valor agregado, tecnologias precursoras y competitividad de las empresas","$140,050,710.00 ",1.16174,"$120,552,541.90 "
2016,4,Gobernacion,Coordinación del Sistema Nacional de Protección Civil,"$206,661,965.00 ",1.19187,"$173,393,042.00 "
2016,8,"Agricultura, Ganaderia, Desarrollo Rural, Pesca y Alimentacion",Programa de Fomento a la Agricultura,"$700,000,000.00 ",1.19187,"$587,312,374.70 "
2016,8,"Agricultura, Ganaderia, Desarrollo Rural, Pesca y Alimentacion",Programa de fomento a la Productividad Pesquera y Acuicola,"$1,795,507,240.00 ",1.19187,"$1,506,462,316.00 "
2016,8,"Agricultura, Ganaderia, Desarrollo Rural, Pesca y Alimentacion",Programa de Fomento Ganadero,"$4,341,929,476.00 ",1.19187,"$3,642,955,587.00 "
2016,8,"Agricultura, Ganaderia, Desarrollo Rural, Pesca y Alimentacion",Programa de Productividad Rural,"$5,183,000,000.00 ",1.19187,"$4,348,628,626.00 "
2016,8,"Agricultura, Ganaderia, Desarrollo Rural, Pesca y Alimentacion",Programa de Productividad y Competitividad Agroalimentaria,"$435,422,591.00 ",1.19187,"$365,327,251.30 "
2016,9,Comunicaciones y Transportes,Reconstruccion y Conservacion de Carreteras,"$1,329,333,000.00 ",1.19187,"$1,115,333,887.00 "
2016,10,Economia,Promocion del Comercio Exterior y Atraccion de Inversion Extranjera Directa,"$10,000,000.00 ",1.19187,"$8,390,176.78 "
2016,12,Salud,Proteccion Contra Riesgos Sanitarios,"$87,250,354.00 ",1.19187,"$73,204,589.43 "
2016,12,Salud,Vigilancia epidemiologica,"$356,293,382.00 ",1.19187,"$298,936,446.10 "
2016,13,Marina,Emplear el Poder Naval de la Federacion para salvaguardar la soberania y seguridad nacionales,"$180,717,854.00 ",1.19187,"$151,625,474.30 "
2016,15,"Desarrollo Agrario, Territorial y Urbano",Programa de Infraestructura,"$2,417,935,953.00 ",1.19187,"$2,028,691,009.00 "
2016,15,"Desarrollo Agrario, Territorial y Urbano",Programa de Prevencion de Riesgos,"$21,370,602.00 ",1.19187,"$17,930,312.87 "
2016,16,Medio Ambiente y Recursos Naturales,Actividades de apoyo a la funcion publica y buen gobierno,"$3,628,030.00 ",1.19187,"$3,043,981.31 "
2016,16,Medio Ambiente y Recursos Naturales,Actividades de apoyo administrativo,"$10,412,416.00 ",1.19187,"$8,736,201.10 "
2016,16,Medio Ambiente y Recursos Naturales,Capacitacion Ambiental y Desarrollo Sustentable,"$5,109,911.00 ",1.19187,"$4,287,305.66 "
2016,16,Medio Ambiente y Recursos Naturales,Apoyos para el Desarrollo Forestal Sustentable,"$5,178,037,490.00 ",1.19187,"$4,344,464,992.00 "
2016,16,Medio Ambiente y Recursos Naturales,Conservacion y Aprovechamiento Sustentable de la Vida Silvestre,"$188,570,937.00 ",1.19187,"$158,214,349.70 "
2016,16,Medio Ambiente y Recursos Naturales,Fideicomisos Ambientales,"$3,427,679.00 ",1.19187,"$2,875,883.28 "
2016,16,Medio Ambiente y Recursos Naturales,"Infraestructura de agua potable, alcantarillado y saneamiento","$3,992,996,186.00 ",1.19187,"$3,350,194,389.00 "
2016,16,Medio Ambiente y Recursos Naturales,Inspección y Vigilancia del Medio Ambiente y Recursos Naturales,"$94,443,837.00 ",1.19187,"$79,240,048.83 "
2016,16,Medio Ambiente y Recursos Naturales,Investigacion cientifica y tecnologica,"$213,445,065.00 ",1.19187,"$179,084,182.80 "
2016,16,Medio Ambiente y Recursos Naturales,"Investigacion en Cambio Climatico, sustentabilidad ambiental y crecimiento verde","$194,965,712.00 ",1.19187,"$163,579,679.00 "
2016,16,Medio Ambiente y Recursos Naturales,Normatividad Ambiental e Instrumentos de Fomento para el Desarrollo Sustentable,"$29,939,649.00 ",1.19187,"$25,119,894.79 "
2016,16,Medio Ambiente y Recursos Naturales,"Planeacion, Direccion y  Evaluacion Ambiental","$113,856,203.00 ",1.19187,"$95,527,367.08 "
2016,16,Medio Ambiente y Recursos Naturales,Prevencion y gestion integral de residuos,"$707,437,223.00 ",1.19187,"$593,552,336.20 "
2016,16,Medio Ambiente y Recursos Naturales,Programa de Conservacion para el Desarrollo Sostenible (PROCODES),"$234,894,914.00 ",1.19187,"$197,080,985.30 "
2016,16,Medio Ambiente y Recursos Naturales,Programa de Empleo Temporal,"$607,422,510.00 ",1.19187,"$509,638,224.00 "
2016,16,Medio Ambiente y Recursos Naturales,Programa de Manejo de Areas Naturales Protegidas,"$44,397,912.00 ",1.19187,"$37,250,633.04 "
2016,16,Medio Ambiente y Recursos Naturales,Programa hacia la igualdad y la sustentabilidad ambiental,"$5,272,616.00 ",1.19187,"$4,423,818.03 "
2016,16,Medio Ambiente y Recursos Naturales,Programa de Calidad del Aire y Verificacion Vehicular,"$931,091.00 ",1.19187,"$781,201.81 "
2016,16,Medio Ambiente y Recursos Naturales,Programa de Tratamiento de Aguas Residuales,"$2,462,748,956.00 ",1.19187,"$2,066,289,911.00 "
2016,16,Medio Ambiente y Recursos Naturales,Proteccion Forestal,"$2,282,157,204.00 ",1.19187,"$1,914,770,238.00 "
2016,16,Medio Ambiente y Recursos Naturales,Regulacion Ambiental,"$64,405,920.00 ",1.19187,"$54,037,705.45 "
2016,16,Medio Ambiente y Recursos Naturales,Sistema Nacional de Areas Naturales Protegidas,"$193,425,305.00 ",1.19187,"$162,287,250.30 "
2016,18,Energia,Actividades de apoyo administrativo,"$4,852,726.00 ",1.19187,"$4,071,522.90 "
2016,18,Energia,Conduccion de la politica energetica,"$240,114,835.00 ",1.19187,"$201,460,591.30 "
2016,18,Energia,Coordinacion de la politica energetica en electricidad ,"$102,992,132.00 ",1.19187,"$86,412,219.45 "
2016,18,Energia,Coordinacion de la politica energetica en hidrocarburos,"$127,423,104.00 ",1.19187,"$106,910,236.90 "
2016,18,Energia,"Gestion, promocion, supervision y evaluacion del aprovechamiento sustentable de la energia","$70,665,504.00 ",1.19187,"$59,289,607.09 "
2016,18,Energia,Fondo de Diversificacion Energetica,"$441,573,000.00 ",1.19187,"$370,487,553.20 "
2016,21,Turismo,Planeacion y conduccion de la politica de turismo,"$655,000.00 ",1.19187,"$549,556.58 "
2016,23,Provisiones Salariales y Economicas,Fondo de Desastres Naturales (FONDEN),"$8,035,987,256.00 ",1.19187,"$6,742,335,369.00 "
2016,23,Provisiones Salariales y Economicas,Fondo de Prevencion de Desastres Naturales (FOPREDEN),"$358,718,014.00 ",1.19187,"$300,970,755.20 "
2016,38,"Consejo Nacional de Humanidades, Ciencia y Tecnologia","Apoyos institucionales para actividades cientificas, tecnologicas y de innovacion","$5,000,000.00 ",1.19187,"$4,195,088.39 "
2016,38,"Consejo Nacional de Humanidades, Ciencia y Tecnologia",Becas de posgrado y otras modalidades de apoyo a la calidad,"$105,462,000.00 ",1.19187,"$88,484,482.37 "
2016,38,"Consejo Nacional de Humanidades, Ciencia y Tecnologia","Innovacion tecnologica para negocios de alto valor agregado, tecnologias precursoras y competitividad de las empresas","$140,050,710.00 ",1.19187,"$117,505,021.50 "
2016,47,Entidades No Sectorizadas,Programa para el Mejoramiento de la Produccion y la Productividad Indigena,"$115,000,000.00 ",1.19187,"$96,487,032.98 "
2016,52,Petroleos Mexicanos,Mantenimiento de infraestructura,"$37,000,000.00 ",1.19187,"$31,043,654.09 "
2016,52,Petroleos Mexicanos,Proyectos de infraestructura economica de hidrocarburos,"$441,021,649.00 ",1.19187,"$370,024,959.90 "
2016,53,Comision Federal de Electricidad,Promocion de medidas para el ahorro y uso eficiente de la energia electrica,"$2,067,605.00 ",1.19187,"$1,734,757.15 "
2016,53,Comision Federal de Electricidad,Proyectos de infraestructura economica de electricidad,"$15,364,594.00 ",1.19187,"$12,891,165.98 "
2016,53,Comision Federal de Electricidad,Proyectos de Infraestructura económica de electricidad (PIDEGAS),"$591,290,225.00 ",1.19187,"$496,102,951.70 "
2017,4,Gobernacion,Coordinación del Sistema Nacional de Protección Civil,"$222,097,196.00 ",1.27046,"$174,816,362.60 "
2017,8,"Agricultura, Ganaderia, Desarrollo Rural, Pesca y Alimentacion",Programa de Fomento a la Agricultura,"$665,061,387.00 ",1.27046,"$523,480,776.30 "
2017,8,"Agricultura, Ganaderia, Desarrollo Rural, Pesca y Alimentacion",Programa de fomento a la Productividad Pesquera y Acuicola,"$2,176,414,234.00 ",1.27046,"$1,713,091,505.00 "
2017,8,"Agricultura, Ganaderia, Desarrollo Rural, Pesca y Alimentacion",Programa de Fomento Ganadero,"$2,445,751,708.00 ",1.27046,"$1,925,091,469.00 "
2017,8,"Agricultura, Ganaderia, Desarrollo Rural, Pesca y Alimentacion",Programa de Apoyo a Pequeños Productores,"$7,019,303,722.00 ",1.27046,"$5,525,009,620.00 "
2017,8,"Agricultura, Ganaderia, Desarrollo Rural, Pesca y Alimentacion",Programa de Productividad y Competitividad Agroalimentaria,"$41,229,097.00 ",1.27046,"$32,452,101.60 "
2017,9,Comunicaciones y Transportes,Reconstruccion y Conservacion de Carreteras,"$643,490,108.00 ",1.27046,"$506,501,667.10 "
2017,10,Economia,Promocion del Comercio Exterior y Atraccion de Inversion Extranjera Directa,"$10,000,000.00 ",1.27046,"$7,871,164.77 "
2017,11,Educacion Publica,Servicios de Educación Superior y Posgrado,"$48,345,959.00 ",1.27046,"$38,053,900.95 "
2017,11,Educacion Publica,Programa Nacional de Becas,"$949,064.00 ",1.27046,"$747,023.91 "
2017,11,Educacion Publica,Subsidios para organismos descentralizados estatales,"$11,177,966.00 ",1.27046,"$8,798,361.22 "
2017,12,Salud,Proteccion Contra Riesgos Sanitarios,"$13,585,135.00 ",1.27046,"$10,693,083.61 "
2017,12,Salud,Vigilancia epidemiologica,"$422,587,674.00 ",1.27046,"$332,625,721.40 "
2017,13,Marina,Emplear el Poder Naval de la Federacion para salvaguardar la soberania y seguridad nacionales,"$16,712,375.00 ",1.27046,"$13,154,585.74 "
2017,15,"Desarrollo Agrario, Territorial y Urbano",Programa de Infraestructura,"$1,035,439,629.00 ",1.27046,"$815,011,593.40 "
2017,15,"Desarrollo Agrario, Territorial y Urbano",Programa de Prevencion de Riesgos,"$9,031,445.00 ",1.27046,"$7,108,799.18 "
2017,16,Medio Ambiente y Recursos Naturales,Actividades de apoyo a la funcion publica y buen gobierno,"$4,075,379.00 ",1.27046,"$3,207,797.96 "
2017,16,Medio Ambiente y Recursos Naturales,Actividades de apoyo administrativo,"$10,413,603.00 ",1.27046,"$8,196,718.51 "
2017,16,Medio Ambiente y Recursos Naturales,Capacitacion Ambiental y Desarrollo Sustentable,"$4,163,948.00 ",1.27046,"$3,277,512.08 "
2017,16,Medio Ambiente y Recursos Naturales,Apoyos para el Desarrollo Forestal Sustentable,"$1,999,999,998.00 ",1.27046,"$1,574,232,953.00 "
2017,16,Medio Ambiente y Recursos Naturales,"Agua Potable, Drenaje y Tratamiento","$743,078,961.00 ",1.27046,"$584,889,694.30 "
2017,16,Medio Ambiente y Recursos Naturales,Conservacion y Aprovechamiento Sustentable de la Vida Silvestre,"$188,570,937.00 ",1.27046,"$148,427,291.70 "
2017,16,Medio Ambiente y Recursos Naturales,Fideicomisos Ambientales,"$83,432.00 ",1.27046,"$65,670.70 "
2017,16,Medio Ambiente y Recursos Naturales,"Infraestructura de agua potable, alcantarillado y saneamiento","$3,195,649,284.00 ",1.27046,"$2,515,348,208.00 "
2017,16,Medio Ambiente y Recursos Naturales,Inspección y Vigilancia del Medio Ambiente y Recursos Naturales,"$94,443,837.00 ",1.27046,"$74,338,300.30 "
2017,16,Medio Ambiente y Recursos Naturales,Investigacion cientifica y tecnologica,"$229,234,764.00 ",1.27046,"$180,434,460.00 "
2017,16,Medio Ambiente y Recursos Naturales,"Investigacion en Cambio Climatico, sustentabilidad ambiental y crecimiento verde","$197,465,040.00 ",1.27046,"$155,427,986.70 "
2017,16,Medio Ambiente y Recursos Naturales,Normatividad Ambiental e Instrumentos de Fomento para el Desarrollo Sustentable,"$26,488,500.00 ",1.27046,"$20,849,534.81 "
2017,16,Medio Ambiente y Recursos Naturales,"Planeacion, Direccion y  Evaluacion Ambiental","$126,379,591.00 ",1.27046,"$99,475,458.50 "
2017,16,Medio Ambiente y Recursos Naturales,Programa de Conservacion para el Desarrollo Sostenible (PROCODES),"$234,894,914.00 ",1.27046,"$184,889,657.30 "
2017,16,Medio Ambiente y Recursos Naturales,Programa de Empleo Temporal,"$315,747,492.00 ",1.27046,"$248,530,053.70 "
2017,16,Medio Ambiente y Recursos Naturales,Programa de Manejo de Areas Naturales Protegidas,"$44,397,912.00 ",1.27046,"$34,946,328.10 "
2017,16,Medio Ambiente y Recursos Naturales,Programa de Calidad del Aire y Verificacion Vehicular,"$939,407.00 ",1.27046,"$739,422.73 "
2017,16,Medio Ambiente y Recursos Naturales,Proteccion Forestal,"$1,568,726,401.00 ",1.27046,"$1,234,770,399.00 "
2017,16,Medio Ambiente y Recursos Naturales,Regulacion Ambiental,"$68,910,655.00 ",1.27046,"$54,240,712.03 "
2017,16,Medio Ambiente y Recursos Naturales,Sistema Nacional de Areas Naturales Protegidas,"$193,425,305.00 ",1.27046,"$152,248,244.70 "
2017,18,Energia,Actividades de apoyo administrativo,"$2,668,193.00 ",1.27046,"$2,100,178.68 "
2017,18,Energia,Conduccion de la politica energetica,"$213,174,499.00 ",1.27046,"$167,793,160.70 "
2017,18,Energia,Coordinacion de la politica energetica en electricidad ,"$55,985,485.00 ",1.27046,"$44,067,097.74 "
2017,18,Energia,Coordinacion de la politica energetica en hidrocarburos,"$83,407,006.00 ",1.27046,"$65,651,028.76 "
2017,18,Energia,"Gestion, promocion, supervision y evaluacion del aprovechamiento sustentable de la energia","$68,275,003.00 ",1.27046,"$53,740,379.86 "
2017,18,Energia,Fondo de Diversificacion Energetica,"$454,773,000.00 ",1.27046,"$357,959,321.80 "
2017,21,Turismo,Planeacion y conduccion de la politica de turismo,"$655,000.00 ",1.27046,"$515,561.29 "
2017,23,Provisiones Salariales y Economicas,Fondo de Desastres Naturales (FONDEN),"$6,035,987,256.00 ",1.27046,"$4,751,025,027.00 "
2017,23,Provisiones Salariales y Economicas,Fondo de Prevencion de Desastres Naturales (FOPREDEN),"$179,359,007.00 ",1.27046,"$141,176,429.80 "
2017,38,"Consejo Nacional de Humanidades, Ciencia y Tecnologia","Apoyos institucionales para actividades cientificas, tecnologicas y de innovacion","$115,517,282.00 ",1.27046,"$90,925,556.10 "
2017,38,"Consejo Nacional de Humanidades, Ciencia y Tecnologia",Becas de posgrado y otras modalidades de apoyo a la calidad,"$105,462,000.00 ",1.27046,"$83,010,877.95 "
2017,38,"Consejo Nacional de Humanidades, Ciencia y Tecnologia","Innovacion tecnologica para negocios de alto valor agregado, tecnologias precursoras y competitividad de las empresas","$145,050,710.00 ",1.27046,"$114,171,803.90 "
2017,47,Entidades No Sectorizadas,Programa para el Mejoramiento de la Produccion y la Productividad Indigena,"$50,000,000.00 ",1.27046,"$39,355,823.87 "
2017,52,Petroleos Mexicanos,Proyectos de infraestructura economica de hidrocarburos,"$1,586,647,817.00 ",1.27046,"$1,248,876,641.00 "
2017,53,Comision Federal de Electricidad,Promocion de medidas para el ahorro y uso eficiente de la energia electrica,"$3,956,873.00 ",1.27046,"$3,114,519.94 "
2017,53,Comision Federal de Electricidad,Proyectos de infraestructura economica de electricidad,"$56,200,000.00 ",1.27046,"$44,235,946.04 "
2017,53,Comision Federal de Electricidad,Proyectos de Infraestructura económica de electricidad (PIDEGAS),"$575,966,191.00 ",1.27046,"$453,352,479.40 "
2017,53,Comision Federal de Electricidad,Operacion y mantenimiento de las centrales generadoras de energia electrica,"$3,114,500,000.00 ",1.27046,"$2,451,474,269.00 "
2017,53,Comision Federal de Electricidad,Estudios de preinversion,"$2,550,000.00 ",1.27046,"$2,007,147.02 "
2018,4,Gobernacion,Coordinación del Sistema Nacional de Protección Civil,"$226,580,258.00 ",1,"$226,580,258.00 "
2018,8,"Agricultura, Ganaderia, Desarrollo Rural, Pesca y Alimentacion",Programa de Fomento a la Agricultura,"$700,829,732.00 ",1,"$700,829,732.00 "
2018,8,"Agricultura, Ganaderia, Desarrollo Rural, Pesca y Alimentacion",Programa de fomento a la Productividad Pesquera y Acuicola,"$2,119,557,043.00 ",1,"$2,119,557,043.00 "
2018,8,"Agricultura, Ganaderia, Desarrollo Rural, Pesca y Alimentacion",Programa de Fomento Ganadero,"$2,778,306,668.00 ",1,"$2,778,306,668.00 "
2018,8,"Agricultura, Ganaderia, Desarrollo Rural, Pesca y Alimentacion",Programa de Apoyo a Pequeños Productores,"$8,706,164,786.00 ",1,"$8,706,164,786.00 "
2018,8,"Agricultura, Ganaderia, Desarrollo Rural, Pesca y Alimentacion",Programa de Productividad y Competitividad Agroalimentaria,"$47,046,099.00 ",1,"$47,046,099.00 "
2018,9,Comunicaciones y Transportes,Reconstruccion y Conservacion de Carreteras,"$512,727,470.00 ",1,"$512,727,470.00 "
2018,10,Economia,Promocion del Comercio Exterior y Atraccion de Inversion Extranjera Directa,"$10,000,000.00 ",1,"$10,000,000.00 "
2018,11,Educacion Publica,Servicios de Educación Superior y Posgrado,"$50,364,225.00 ",1,"$50,364,225.00 "
2018,11,Educacion Publica,Programa Nacional de Becas,"$999,701.00 ",1,"$999,701.00 "
2018,11,Educacion Publica,Subsidios para organismos descentralizados estatales,"$11,713,274.00 ",1,"$11,713,274.00 "
2018,12,Salud,Proteccion Contra Riesgos Sanitarios,"$12,770,027.00 ",1,"$12,770,027.00 "
2018,12,Salud,Vigilancia epidemiologica,"$397,745,691.00 ",1,"$397,745,691.00 "
2018,13,Marina,Emplear el Poder Naval de la Federacion para salvaguardar la soberania y seguridad nacionales,"$17,600,786.00 ",1,"$17,600,786.00 "
2018,15,"Desarrollo Agrario, Territorial y Urbano",Programa de Infraestructura,"$1,086,187,449.00 ",1,"$1,086,187,449.00 "
2018,15,"Desarrollo Agrario, Territorial y Urbano",Programa de Prevencion de Riesgos,"$8,545,360.00 ",1,"$8,545,360.00 "
2018,16,Medio Ambiente y Recursos Naturales,Actividades de apoyo a la funcion publica y buen gobierno,"$4,193,619.00 ",1,"$4,193,619.00 "
2018,16,Medio Ambiente y Recursos Naturales,Actividades de apoyo administrativo,"$10,829,214.00 ",1,"$10,829,214.00 "
2018,16,Medio Ambiente y Recursos Naturales,Capacitacion Ambiental y Desarrollo Sustentable,"$4,383,129.00 ",1,"$4,383,129.00 "
2018,16,Medio Ambiente y Recursos Naturales,Apoyos para el Desarrollo Forestal Sustentable,"$2,095,775,640.00 ",1,"$2,095,775,640.00 "
2018,16,Medio Ambiente y Recursos Naturales,"Agua Potable, Drenaje y Tratamiento","$778,663,394.00 ",1,"$778,663,394.00 "
2018,16,Medio Ambiente y Recursos Naturales,Conservacion y Aprovechamiento Sustentable de la Vida Silvestre,"$197,601,189.00 ",1,"$197,601,189.00 "
2018,16,Medio Ambiente y Recursos Naturales,"Infraestructura de agua potable, alcantarillado y saneamiento","$3,348,681,967.00 ",1,"$3,348,681,967.00 "
2018,16,Medio Ambiente y Recursos Naturales,Inspección y Vigilancia del Medio Ambiente y Recursos Naturales,"$98,966,547.00 ",1,"$98,966,547.00 "
2018,16,Medio Ambiente y Recursos Naturales,Investigacion cientifica y tecnologica,"$240,212,322.00 ",1,"$240,212,322.00 "
2018,16,Medio Ambiente y Recursos Naturales,"Investigacion en Cambio Climatico, sustentabilidad ambiental y crecimiento verde","$206,921,209.00 ",1,"$206,921,209.00 "
2018,16,Medio Ambiente y Recursos Naturales,Normatividad Ambiental e Instrumentos de Fomento para el Desarrollo Sustentable,"$27,756,976.00 ",1,"$27,756,976.00 "
2018,16,Medio Ambiente y Recursos Naturales,"Planeacion, Direccion y  Evaluacion Ambiental","$132,431,634.00 ",1,"$132,431,634.00 "
2018,16,Medio Ambiente y Recursos Naturales,Programa de Conservacion para el Desarrollo Sostenible (PROCODES),"$246,143,520.00 ",1,"$246,143,520.00 "
2018,16,Medio Ambiente y Recursos Naturales,Programa de Empleo Temporal,"$331,709,552.00 ",1,"$331,709,552.00 "
2018,16,Medio Ambiente y Recursos Naturales,Programa de Manejo de Areas Naturales Protegidas,"$121,524,032.00 ",1,"$121,524,032.00 "
2018,16,Medio Ambiente y Recursos Naturales,Programa de Calidad del Aire y Verificacion Vehicular,"$984,393.00 ",1,"$984,393.00 "
2018,16,Medio Ambiente y Recursos Naturales,Proteccion Forestal,"$1,643,849,274.00 ",1,"$1,643,849,274.00 "
2018,16,Medio Ambiente y Recursos Naturales,Regulacion Ambiental,"$72,210,635.00 ",1,"$72,210,635.00 "
2018,16,Medio Ambiente y Recursos Naturales,Sistema Nacional de Areas Naturales Protegidas,"$138,022,523.00 ",1,"$138,022,523.00 "
2018,18,Energia,Actividades de apoyo administrativo,"$3,019,760.00 ",1,"$3,019,760.00 "
2018,18,Energia,Conduccion de la politica energetica,"$213,579,287.00 ",1,"$213,579,287.00 "
2018,18,Energia,Coordinacion de la politica energetica en electricidad ,"$55,853,117.00 ",1,"$55,853,117.00 "
2018,18,Energia,Coordinacion de la politica energetica en hidrocarburos,"$85,341,917.00 ",1,"$85,341,917.00 "
2018,18,Energia,"Gestion, promocion, supervision y evaluacion del aprovechamiento sustentable de la energia","$71,682,159.00 ",1,"$71,682,159.00 "
2018,18,Energia,Fondo de Diversificacion Energetica,"$468,416,190.00 ",1,"$468,416,190.00 "
2018,21,Turismo,Planeacion y conduccion de la politica de turismo,"$613,080.00 ",1,"$613,080.00 "
2018,23,Provisiones Salariales y Economicas,Fondo de Desastres Naturales (FONDEN),"$24,644,000,000.00 ",1,"$24,644,000,000.00 "
2018,23,Provisiones Salariales y Economicas,Fondo de Prevencion de Desastres Naturales (FOPREDEN),"$350,938,000.00 ",1,"$350,938,000.00 "
2018,38,"Consejo Nacional de Humanidades, Ciencia y Tecnologia","Apoyos institucionales para actividades cientificas, tecnologicas y de innovacion","$118,531,776.00 ",1,"$118,531,776.00 "
2018,38,"Consejo Nacional de Humanidades, Ciencia y Tecnologia",Becas de posgrado y otras modalidades de apoyo a la calidad,"$105,462,000.00 ",1,"$105,462,000.00 "
2018,38,"Consejo Nacional de Humanidades, Ciencia y Tecnologia","Innovacion tecnologica para negocios de alto valor agregado, tecnologias precursoras y competitividad de las empresas","$145,050,710.00 ",1,"$145,050,710.00 "
2018,47,Entidades No Sectorizadas,Programa para el Mejoramiento de la Produccion y la Productividad Indigena,"$55,000,000.00 ",1,"$55,000,000.00 "
2018,52,Petroleos Mexicanos,Proyectos de infraestructura economica de hidrocarburos,"$81,855,443.00 ",1,"$81,855,443.00 "
2018,52,Petroleos Mexicanos,Mantenimiento de infraestructura,"$85,284,867.00 ",1,"$85,284,867.00 "
2018,52,Petroleos Mexicanos,Otros proyectos de infraestructura,"$2,017,469.00 ",1,"$2,017,469.00 "
2018,53,Comision Federal de Electricidad,Promocion de medidas para el ahorro y uso eficiente de la energia electrica,"$6,283,952.00 ",1,"$6,283,952.00 "
2018,53,Comision Federal de Electricidad,Proyectos de infraestructura economica de electricidad,"$50,000,000.00 ",1,"$50,000,000.00 "
2018,53,Comision Federal de Electricidad,Proyectos de Infraestructura económica de electricidad (PIDEGAS),"$403,890,892.00 ",1,"$403,890,892.00 "
2018,53,Comision Federal de Electricidad,Operacion de mecanismos para mejorar la comercializacion de servicios y productos,"$8,123,000,000.00 ",1,"$8,123,000,000.00 "
2019,4,Gobernacion,Coordinación del Sistema Nacional de Protección Civil,"$193,167,300.00 ",1.03112,"$187,337,361.30 "
2019,8,Agricultura y Desarrollo Rural,Programa de Fomento a la Agricultura,"$665,061,387.00 ",1.03112,"$644,989,319.40 "
2019,8,Agricultura y Desarrollo Rural,Programa de fomento a la Productividad Pesquera y Acuicola,"$1,158,998,352.00 ",1.03112,"$1,124,018,884.00 "
2019,8,Agricultura y Desarrollo Rural,Programa de Fomento Ganadero,"$444,792,390.00 ",1.03112,"$431,368,211.30 "
2019,8,Agricultura y Desarrollo Rural,Desarrollo Rural,"$4,846,506,848.00 ",1.03112,"$4,700,235,519.00 "
2019,8,Agricultura y Desarrollo Rural,Credito Ganadero a la Palabra,"$2,778,306,668.00 ",1.03112,"$2,694,455,222.00 "
2019,8,Agricultura y Desarrollo Rural,Programa de Productividad y Competitividad Agroalimentaria,"$17,522,878.00 ",1.03112,"$16,994,023.97 "
2019,9,Comunicaciones y Transportes,Reconstruccion y Conservacion de Carreteras,"$404,800,000.00 ",1.03112,"$392,582,822.60 "
2019,10,Economia,Promocion del Comercio Exterior y Atraccion de Inversion Extranjera Directa,"$3,000,000.00 ",1.03112,"$2,909,457.68 "
2019,11,Educacion Publica,Servicios de Educación Superior y Posgrado,"$51,105,317.00 ",1.03112,"$49,562,918.96 "
2019,11,Educacion Publica,Programa Nacional de Becas,"$959,333.00 ",1.03112,"$930,379.59 "
2019,11,Educacion Publica,Subsidios para organismos descentralizados estatales,"$17,422,530.00 ",1.03112,"$16,896,704.55 "
2019,12,Salud,Proteccion Contra Riesgos Sanitarios,"$13,830,433.00 ",1.03112,"$13,413,019.82 "
2019,12,Salud,Vigilancia epidemiologica,"$344,619,174.00 ",1.03112,"$334,218,300.50 "
2019,13,Marina,Emplear el Poder Naval de la Federacion para salvaguardar la soberania y seguridad nacionales,"$19,526,214.00 ",1.03112,"$18,936,897.74 "
2019,15,"Desarrollo Agrario, Territorial y Urbano",Programa de Mejoramiento Urbano (PMU),"$2,084,659,275.00 ",1.03112,"$2,021,742,644.00 "
2019,16,Medio Ambiente y Recursos Naturales,Actividades de apoyo a la funcion publica y buen gobierno,"$3,202,130.00 ",1.03112,"$3,105,487.24 "
2019,16,Medio Ambiente y Recursos Naturales,Actividades de apoyo administrativo,"$10,093,768.00 ",1.03112,"$9,789,130.27 "
2019,16,Medio Ambiente y Recursos Naturales,Capacitacion Ambiental y Desarrollo Sustentable,"$3,344,241.00 ",1.03112,"$3,243,309.22 "
2019,16,Medio Ambiente y Recursos Naturales,Apoyos para el Desarrollo Forestal Sustentable,"$1,154,519,086.00 ",1.03112,"$1,119,674,806.00 "
2019,16,Medio Ambiente y Recursos Naturales,"Agua Potable, Drenaje y Tratamiento","$802,067,310.00 ",1.03112,"$777,860,297.50 "
2019,16,Medio Ambiente y Recursos Naturales,Conservacion y Aprovechamiento Sustentable de la Vida Silvestre,"$145,438,239.00 ",1.03112,"$141,048,800.30 "
2019,16,Medio Ambiente y Recursos Naturales,Gestion integral y sustentable del agua,"$200,000,000.00 ",1.03112,"$193,963,845.10 "
2019,16,Medio Ambiente y Recursos Naturales,"Infraestructura de agua potable, alcantarillado y saneamiento","$1,280,987,850.00 ",1.03112,"$1,242,326,645.00 "
2019,16,Medio Ambiente y Recursos Naturales,Inspección y Vigilancia del Medio Ambiente y Recursos Naturales,"$69,319,243.00 ",1.03112,"$67,227,134.57 "
2019,16,Medio Ambiente y Recursos Naturales,Investigacion cientifica y tecnologica,"$210,213,327.00 ",1.03112,"$203,868,926.00 "
2019,16,Medio Ambiente y Recursos Naturales,"Investigacion en Cambio Climatico, sustentabilidad ambiental y crecimiento verde","$157,816,412.00 ",1.03112,"$153,053,390.50 "
2019,16,Medio Ambiente y Recursos Naturales,Normatividad Ambiental e Instrumentos de Fomento para el Desarrollo Sustentable,"$20,340,527.00 ",1.03112,"$19,726,634.15 "
2019,16,Medio Ambiente y Recursos Naturales,"Planeacion, Direccion y  Evaluacion Ambiental","$96,160,691.00 ",1.03112,"$93,258,486.89 "
2019,16,Medio Ambiente y Recursos Naturales,Programa de Conservacion para el Desarrollo Sostenible (PROCODES),"$181,276,327.00 ",1.03112,"$175,805,267.10 "
2019,16,Medio Ambiente y Recursos Naturales,Programa de apoyo a la infraestructura hidroagricola,"$2,000,000,000.00 ",1.03112,"$1,939,638,451.00 "
2019,16,Medio Ambiente y Recursos Naturales,Programa de Manejo de Areas Naturales Protegidas,"$87,708,348.00 ",1.03112,"$85,061,242.14 "
2019,16,Medio Ambiente y Recursos Naturales,Programa de Calidad del Aire y Verificacion Vehicular,"$667,578.00 ",1.03112,"$647,429.98 "
2019,16,Medio Ambiente y Recursos Naturales,Proteccion Forestal,"$1,390,609,787.00 ",1.03112,"$1,348,640,107.00 "
2019,16,Medio Ambiente y Recursos Naturales,Regulacion Ambiental,"$60,391,756.00 ",1.03112,"$58,569,086.04 "
2019,16,Medio Ambiente y Recursos Naturales,Sistema Nacional de Areas Naturales Protegidas,"$98,355,164.00 ",1.03112,"$95,386,728.99 "
2019,18,Energia,Actividades de apoyo administrativo,"$2,333,635.00 ",1.03112,"$2,263,204.09 "
2019,18,Energia,Conduccion de la politica energetica,"$166,482,408.00 ",1.03112,"$161,457,840.00 "
2019,18,Energia,Coordinacion de la politica energetica en electricidad ,"$45,105,502.00 ",1.03112,"$43,744,183.02 "
2019,18,Energia,Coordinacion de la politica energetica en hidrocarburos,"$67,833,546.00 ",1.03112,"$65,786,277.06 "
2019,18,Energia,"Gestion, promocion, supervision y evaluacion del aprovechamiento sustentable de la energia","$60,931,300.00 ",1.03112,"$59,092,346.19 "
2019,18,Energia,Fondo de Diversificacion Energetica,"$483,873,924.00 ",1.03112,"$469,270,234.30 "
2019,21,Turismo,Planeacion y conduccion de la politica de turismo,"$622,300.00 ",1.03112,"$603,518.50 "
2019,23,Provisiones Salariales y Economicas,Fondo de Desastres Naturales (FONDEN),"$3,644,000,000.00 ",1.03112,"$3,534,021,258.00 "
2019,23,Provisiones Salariales y Economicas,Fondo de Prevencion de Desastres Naturales (FOPREDEN),"$180,938,000.00 ",1.03112,"$175,477,151.10 "
2019,38,"Consejo Nacional de Humanidades, Ciencia y Tecnologia","Apoyos institucionales para actividades cientificas, tecnologicas y de innovacion","$117,025,884.00 ",1.03112,"$113,493,952.20 "
2019,38,"Consejo Nacional de Humanidades, Ciencia y Tecnologia",Becas de posgrado y otras modalidades de apoyo a la calidad,"$106,010,000.00 ",1.03112,"$102,810,536.10 "
2019,47,Entidades No Sectorizadas,Programa para el Mejoramiento de la Produccion y la Productividad Indigena,"$64,840,182.00 ",1.03112,"$62,883,255.10 "
2019,52,Petroleos Mexicanos,Proyectos de infraestructura economica de hidrocarburos,"$1,475,752,188.00 ",1.03112,"$1,431,212,844.00 "
2019,53,Comision Federal de Electricidad,Mantenimiento de infraestructura,"$466,559,528.00 ",1.03112,"$452,478,400.20 "
2019,53,Comision Federal de Electricidad,Proyectos de Infraestructura económica de electricidad (PIDEGAS),"$89,290,625.00 ",1.03112,"$86,595,764.80 "
2019,53,Comision Federal de Electricidad,Operacion de mecanismos para mejorar la comercializacion de servicios y productos,"$11,135,793,223.00 ",1.03112,"$10,799,706,361.00 "
2019,53,Comision Federal de Electricidad,Promocion de medidas para el ahorro y uso eficiente de la energia electrica,"$1,354,037.00 ",1.03112,"$1,313,171.11 "
2020,8,Agricultura y Desarrollo Rural,"Programa de Fomento a la Agricultura, ganaderia, pesca y acuicultura","$208,706,025.00 ",1.07517,"$194,114,442.40 "
2020,8,Agricultura y Desarrollo Rural,Desarrollo Rural,"$10,000,000.00 ",1.07517,"$9,300,854.75 "
2020,9,Comunicaciones y Transportes,Reconstruccion y Conservacion de Carreteras,"$192,476,010.00 ",1.07517,"$179,019,141.20 "
2020,11,Educacion Publica,Servicios de Educación Superior y Posgrado,"$58,375,640.00 ",1.07517,"$54,294,334.85 "
2020,11,Educacion Publica,Programa Nacional de Becas,"$5,774,623.00 ",1.07517,"$5,370,892.98 "
2020,11,Educacion Publica,Subsidios para organismos descentralizados estatales,"$18,789,805.00 ",1.07517,"$17,476,124.71 "
2020,11,Educacion Publica,Universidades para el Bienestar Benito Juarez Garcia,"$1,057,697.00 ",1.07517,"$983,748.62 "
2020,12,Salud,Proteccion Contra Riesgos Sanitarios,"$10,863,640.00 ",1.07517,"$10,104,113.77 "
2020,12,Salud,Vigilancia epidemiologica,"$322,208,920.00 ",1.07517,"$299,681,836.40 "
2020,13,Marina,Emplear el Poder Naval de la Federacion para salvaguardar la soberania y seguridad nacionales,"$13,005,275.00 ",1.07517,"$12,096,017.37 "
2020,15,"Desarrollo Agrario, Territorial y Urbano",Programa de Mejoramiento Urbano (PMU),"$1,056,289,039.00 ",1.07517,"$982,439,092.40 "
2020,16,Medio Ambiente y Recursos Naturales,Actividades de apoyo a la funcion publica y buen gobierno,"$3,305,979.00 ",1.07517,"$3,074,843.05 "
2020,16,Medio Ambiente y Recursos Naturales,Actividades de apoyo administrativo,"$10,480,751.00 ",1.07517,"$9,747,994.27 "
2020,16,Medio Ambiente y Recursos Naturales,Capacitacion Ambiental y Desarrollo Sustentable,"$3,381,389.00 ",1.07517,"$3,144,980.79 "
2020,16,Medio Ambiente y Recursos Naturales,Apoyos para el Desarrollo Forestal Sustentable,"$1,031,998,012.00 ",1.07517,"$959,846,361.00 "
2020,16,Medio Ambiente y Recursos Naturales,"Agua Potable, Drenaje y Tratamiento","$1,095,059,073.00 ",1.07517,"$1,018,498,538.00 "
2020,16,Medio Ambiente y Recursos Naturales,Conservacion y Aprovechamiento Sustentable de la Vida Silvestre,"$99,902,412.00 ",1.07517,"$92,917,782.30 "
2020,16,Medio Ambiente y Recursos Naturales,Gestion integral y sustentable del agua,"$247,660,000.00 ",1.07517,"$230,344,968.70 "
2020,16,Medio Ambiente y Recursos Naturales,"Infraestructura de agua potable, alcantarillado y saneamiento","$1,123,797,036.00 ",1.07517,"$1,045,227,300.00 "
2020,16,Medio Ambiente y Recursos Naturales,Inspección y Vigilancia del Medio Ambiente y Recursos Naturales,"$72,439,712.00 ",1.07517,"$67,375,123.93 "
2020,16,Medio Ambiente y Recursos Naturales,Investigacion cientifica y tecnologica,"$190,031,475.00 ",1.07517,"$176,745,514.70 "
2020,16,Medio Ambiente y Recursos Naturales,"Investigacion en Cambio Climatico, sustentabilidad ambiental y crecimiento verde","$164,583,218.00 ",1.07517,"$153,076,460.50 "
2020,16,Medio Ambiente y Recursos Naturales,Normatividad Ambiental e Instrumentos de Fomento para el Desarrollo Sustentable,"$16,568,478.00 ",1.07517,"$15,410,100.73 "
2020,16,Medio Ambiente y Recursos Naturales,"Planeacion, Direccion y  Evaluacion Ambiental","$42,150,187.00 ",1.07517,"$39,203,276.69 "
2020,16,Medio Ambiente y Recursos Naturales,Programa de Conservacion para el Desarrollo Sostenible (PROCODES),"$177,776,327.00 ",1.07517,"$165,347,179.50 "
2020,16,Medio Ambiente y Recursos Naturales,Programa de apoyo a la infraestructura hidroagricola,"$1,961,652,785.00 ",1.07517,"$1,824,504,762.00 "
2020,16,Medio Ambiente y Recursos Naturales,Programa para la Protección y Restauración de Ecosistemas y Especies Prioritarias,"$174,715,874.00 ",1.07517,"$162,500,696.60 "
2020,16,Medio Ambiente y Recursos Naturales,Programa de Calidad del Aire y Verificacion Vehicular,"$336,575.00 ",1.07517,"$313,043.52 "
2020,16,Medio Ambiente y Recursos Naturales,Proteccion Forestal,"$1,331,815,419.00 ",1.07517,"$1,238,702,176.00 "
2020,16,Medio Ambiente y Recursos Naturales,Regulacion Ambiental,"$60,717,002.00 ",1.07517,"$56,472,001.64 "
2020,16,Medio Ambiente y Recursos Naturales,Sistema Nacional de Areas Naturales Protegidas,"$112,078,237.00 ",1.07517,"$104,242,340.30 "
2020,18,Energia,Actividades de apoyo administrativo,"$1,600,311.00 ",1.07517,"$1,488,426.02 "
2020,18,Energia,Conduccion de la politica energetica,"$49,335,616.00 ",1.07517,"$45,886,339.83 "
2020,18,Energia,Coordinacion de la politica energetica en electricidad ,"$3,928,820.00 ",1.07517,"$3,654,138.42 "
2020,18,Energia,Coordinacion de la politica energetica en hidrocarburos,"$7,792,280.00 ",1.07517,"$7,247,486.44 "
2020,18,Energia,"Gestion, promocion, supervision y evaluacion del aprovechamiento sustentable de la energia","$64,859,101.00 ",1.07517,"$60,324,507.75 "
2020,18,Energia,Fondo de Diversificacion Energetica,"$498,390,142.00 ",1.07517,"$463,545,431.90 "
2020,21,Turismo,Planeacion y conduccion de la politica de turismo,"$640,969.00 ",1.07517,"$596,155.96 "
2020,23,Provisiones Salariales y Economicas,Fondo de Desastres Naturales (FONDEN),"$3,353,000,000.00 ",1.07517,"$3,118,576,597.00 "
2020,23,Provisiones Salariales y Economicas,Fondo de Prevencion de Desastres Naturales (FOPREDEN),"$647,000,000.00 ",1.07517,"$601,765,302.20 "
2020,36,Seguridad y Proteccion Ciudadana,Coordinación del Sistema Nacional de Protección Civil,"$143,943,155.00 ",1.07517,"$133,879,437.70 "
2020,38,"Consejo Nacional de Humanidades, Ciencia y Tecnologia","Apoyos institucionales para actividades cientificas, tecnologicas y de innovacion","$124,170,893.00 ",1.07517,"$115,489,544.00 "
2020,38,"Consejo Nacional de Humanidades, Ciencia y Tecnologia",Becas de posgrado y otras modalidades de apoyo a la calidad,"$113,861,093.00 ",1.07517,"$105,900,548.80 "
2020,47,Entidades No Sectorizadas,Programa para el Mejoramiento de la Produccion y la Productividad Indigena,"$64,840,182.00 ",1.07517,"$60,306,911.47 "
2020,52,Petroleos Mexicanos,Proyectos de infraestructura economica de hidrocarburos,"$110,526,123.00 ",1.07517,"$102,798,741.60 "
2020,52,Petroleos Mexicanos,Servicio de transporte de gas natural,"$40,298,985,295.00 ",1.07517,"$37,481,500,874.00 "
2020,53,Comision Federal de Electricidad,Mantenimiento de infraestructura,"$206,731,977.00 ",1.07517,"$192,278,409.00 "
2020,53,Comision Federal de Electricidad,Proyectos de infraestructura economica de electricidad,"$79,141,468.00 ",1.07517,"$73,608,329.85 "
2020,53,Comision Federal de Electricidad,Proyectos de Infraestructura económica de electricidad (PIDEGAS),"$80,346,668.00 ",1.07517,"$74,729,268.86 "
2020,53,Comision Federal de Electricidad,Estudios de preinversion,"$213,234,657.00 ",1.07517,"$198,326,457.20 "
2020,53,Comision Federal de Electricidad,Promocion de medidas para el ahorro y uso eficiente de la energia electrica,"$3,517,648.00 ",1.07517,"$3,271,713.31 "
2021,8,Agricultura y Desarrollo Rural,"Programa de Fomento a la Agricultura, ganaderia, pesca y acuicultura","$1,452,373.00 ",1.13818,"$1,276,048.60 "
2021,9,Comunicaciones y Transportes,Reconstruccion y Conservacion de Carreteras,"$153,980,808.00 ",1.13818,"$135,286,868.50 "
2021,11,Educacion Publica,Servicios de Educación Superior y Posgrado,"$60,517,612.00 ",1.13818,"$53,170,510.82 "
2021,11,Educacion Publica,Programa Nacional de Becas,"$5,814,985.00 ",1.13818,"$5,109,020.54 "
2021,11,Educacion Publica,Subsidios para organismos descentralizados estatales,"$19,356,407.00 ",1.13818,"$17,006,455.04 "
2021,11,Educacion Publica,Universidades para el Bienestar Benito Juarez Garcia,"$1,057,697.00 ",1.13818,"$929,287.99 "
2021,12,Salud,Proteccion Contra Riesgos Sanitarios,"$12,083,069.00 ",1.13818,"$10,616,131.89 "
2021,12,Salud,Vigilancia epidemiologica,"$332,106,920.00 ",1.13818,"$291,787,696.20 "
2021,13,Marina,Emplear el Poder Naval de la Federacion para salvaguardar la soberania y seguridad nacionales,"$13,005,275.00 ",1.13818,"$11,426,378.08 "
2021,15,"Desarrollo Agrario, Territorial y Urbano",Programa de Vivienda Social,"$197,312,349.00 ",1.13818,"$173,357,772.10 "
2021,15,"Desarrollo Agrario, Territorial y Urbano",Programa de Mejoramiento Urbano (PMU),"$409,492,500.00 ",1.13818,"$359,778,330.30 "
2021,16,Medio Ambiente y Recursos Naturales,Actividades de apoyo a la funcion publica y buen gobierno,"$3,419,696.00 ",1.13818,"$3,004,530.04 "
2021,16,Medio Ambiente y Recursos Naturales,Actividades de apoyo administrativo,"$11,544,780.00 ",1.13818,"$10,143,193.52 "
2021,16,Medio Ambiente y Recursos Naturales,Capacitacion Ambiental y Desarrollo Sustentable,"$3,435,359.00 ",1.13818,"$3,018,291.48 "
2021,16,Medio Ambiente y Recursos Naturales,Apoyos para el Desarrollo Forestal Sustentable,"$825,598,409.00 ",1.13818,"$725,367,173.00 "
2021,16,Medio Ambiente y Recursos Naturales,"Agua Potable, Drenaje y Tratamiento","$356,388,479.00 ",1.13818,"$313,121,368.30 "
2021,16,Medio Ambiente y Recursos Naturales,Conservación y Manejo de Áreas Naturales Protegidas,"$98,590,123.00 ",1.13818,"$86,620,853.47 "
2021,16,Medio Ambiente y Recursos Naturales,Gestion integral y sustentable del agua,"$771,770,475.00 ",1.13818,"$678,074,184.20 "
2021,16,Medio Ambiente y Recursos Naturales,Inspección y Vigilancia del Medio Ambiente y Recursos Naturales,"$52,198,556.00 ",1.13818,"$45,861,424.38 "
2021,16,Medio Ambiente y Recursos Naturales,Investigacion cientifica y tecnologica,"$186,074,497.00 ",1.13818,"$163,484,244.10 "
2021,16,Medio Ambiente y Recursos Naturales,"Investigacion en Cambio Climatico, sustentabilidad ambiental y crecimiento verde","$153,103,383.00 ",1.13818,"$134,515,966.70 "
2021,16,Medio Ambiente y Recursos Naturales,Normatividad Ambiental e Instrumentos de Fomento para el Desarrollo Sustentable,"$16,930,215.00 ",1.13818,"$14,874,813.30 "
2021,16,Medio Ambiente y Recursos Naturales,"Planeacion, Direccion y  Evaluacion Ambiental","$41,174,485.00 ",1.13818,"$36,175,723.52 "
2021,16,Medio Ambiente y Recursos Naturales,Programa de Conservacion para el Desarrollo Sostenible (PROCODES),"$142,221,062.00 ",1.13818,"$124,954,806.80 "
2021,16,Medio Ambiente y Recursos Naturales,Programa de apoyo a la infraestructura hidroagricola,"$1,569,322,223.00 ",1.13818,"$1,378,799,683.00 "
2021,16,Medio Ambiente y Recursos Naturales,Programa para la Protección y Restauración de Ecosistemas y Especies Prioritarias,"$34,943,175.00 ",1.13818,"$30,700,921.65 "
2021,16,Medio Ambiente y Recursos Naturales,Proteccion Forestal,"$1,307,090,815.00 ",1.13818,"$1,148,404,308.00 "
2021,16,Medio Ambiente y Recursos Naturales,Regulacion Ambiental,"$61,713,629.00 ",1.13818,"$54,221,326.15 "
2021,18,Energia,Actividades de apoyo administrativo,"$1,646,311.00 ",1.13818,"$1,446,441.69 "
2021,18,Energia,Conduccion de la politica energetica,"$46,549,787.00 ",1.13818,"$40,898,440.49 "
2021,18,Energia,Coordinacion de la politica energetica en electricidad ,"$4,125,684.00 ",1.13818,"$3,624,808.03 "
2021,18,Energia,Coordinacion de la politica energetica en hidrocarburos,"$7,431,802.00 ",1.13818,"$6,529,548.93 "
2021,18,Energia,"Gestion, promocion, supervision y evaluacion del aprovechamiento sustentable de la energia","$59,260,742.00 ",1.13818,"$52,066,230.30 "
2021,18,Energia,Fondo de Diversificacion Energetica,"$249,195,071.00 ",1.13818,"$218,941,706.10 "
2021,21,Turismo,Planeacion y conduccion de la politica de turismo,"$650,000.00 ",1.13818,"$571,087.17 "
2021,23,Provisiones Salariales y Economicas,Fondo de Desastres Naturales (FONDEN),"$8,727,349,813.00 ",1.13818,"$7,667,811,605.00 "
2021,23,Provisiones Salariales y Economicas,Fondo de Prevencion de Desastres Naturales (FOPREDEN),"$200,000,000.00 ",1.13818,"$175,719,130.50 "
2021,36,Seguridad y Proteccion Ciudadana,Coordinación del Sistema Nacional de Protección Civil,"$141,077,927.00 ",1.13818,"$123,950,453.40 "
2021,38,"Consejo Nacional de Humanidades, Ciencia y Tecnologia","Apoyos institucionales para actividades cientificas, tecnologicas y de innovacion","$127,914,952.00 ",1.13818,"$112,385,520.70 "
2021,38,"Consejo Nacional de Humanidades, Ciencia y Tecnologia",Becas de posgrado y otras modalidades de apoyo a la calidad,"$131,188,390.00 ",1.13818,"$115,261,549.10 "
2021,47,Entidades No Sectorizadas, Programa para el Bienestrar Integral de los Pueblos Indigenas,"$30,000,000.00 ",1.13818,"$26,357,869.58 "
2021,52,Petroleos Mexicanos,Proyectos de infraestructura economica de hidrocarburos,"$196,912,560.00 ",1.13818,"$173,006,519.20 "
2021,52,Petroleos Mexicanos,Mantenimiento de infraestructura,"$11,000,000.00 ",1.13818,"$9,664,552.18 "
2021,53,Comision Federal de Electricidad,Mantenimiento de infraestructura,"$458,713,786.00 ",1.13818,"$403,023,938.20 "
2021,53,Comision Federal de Electricidad,Operacion y mantenimiento de las centrales generadoras de energia electrica,"$4,158,500.00 ",1.13818,"$3,653,640.02 "
2021,53,Comision Federal de Electricidad,Servicio de transporte de gas natural,"$52,931,600,000.00 ",1.13818,"$46,505,473,651.00 "
2021,53,Comision Federal de Electricidad,Proyectos de infraestructura economica de electricidad,"$99,821,858.00 ",1.13818,"$87,703,050.48 "
2021,53,Comision Federal de Electricidad,Promocion de medidas para el ahorro y uso eficiente de la energia electrica,"$3,976,392.00 ",1.13818,"$3,493,640.72 "
2022,8,Agricultura y Desarrollo Rural,Diseño y Aplicacion de la Politica Agropecuaria,"$5,080,603.00 ",1.23088,"$4,127,618.45 "
2022,8,Agricultura y Desarrollo Rural,Sanidad e Inocuidad Agroalimentaria,"$135,835,751.00 ",1.23088,"$110,356,615.60 "
2022,8,Agricultura y Desarrollo Rural,Produccion para el Bienestar,"$553,174,050.00 ",1.23088,"$449,413,468.40 "
2022,8,Agricultura y Desarrollo Rural,"Programa de Fomento a la Agricultura, ganaderia, pesca y acuicultura","$4,056,599.00 ",1.23088,"$3,295,690.08 "
2022,9,Comunicaciones y Transportes,Reconstruccion y Conservacion de Carreteras,"$100,000,000.00 ",1.23088,"$81,242,688.16 "
2022,11,Educacion Publica,Servicios de Educación Superior y Posgrado,"$62,760,158.00 ",1.23088,"$50,988,039.45 "
2022,11,Educacion Publica,Programa Nacional de Becas,"$6,225,165.00 ",1.23088,"$5,057,491.39 "
2022,11,Educacion Publica,Subsidios para organismos descentralizados estatales,"$20,082,847.00 ",1.23088,"$16,315,844.76 "
2022,11,Educacion Publica,Universidades para el Bienestar Benito Juarez Garcia,"$1,097,392.00 ",1.23088,"$891,550.76 "
2022,12,Salud,Proteccion Contra Riesgos Sanitarios,"$12,536,541.00 ",1.23088,"$10,185,022.91 "
2022,12,Salud,Vigilancia epidemiologica,"$344,570,801.00 ",1.23088,"$279,938,581.30 "
2022,13,Marina,Emplear el Poder Naval de la Federacion para salvaguardar la soberania y seguridad nacionales,"$13,005,275.00 ",1.23088,"$10,565,835.01 "
2022,15,"Desarrollo Agrario, Territorial y Urbano",Programa de Vivienda Social,"$40,943,485.00 ",1.23088,"$33,263,587.84 "
2022,15,"Desarrollo Agrario, Territorial y Urbano",Programa de Mejoramiento Urbano (PMU),"$204,746,250.00 ",1.23088,"$166,341,357.40 "
2022,16,Medio Ambiente y Recursos Naturales,Actividades de apoyo a la funcion publica y buen gobierno,"$3,482,669.00 ",1.23088,"$2,829,413.92 "
2022,16,Medio Ambiente y Recursos Naturales,Actividades de apoyo administrativo,"$12,118,729.00 ",1.23088,"$9,845,581.21 "
2022,16,Medio Ambiente y Recursos Naturales,Capacitacion Ambiental y Desarrollo Sustentable,"$3,900,491.00 ",1.23088,"$3,168,863.74 "
2022,16,Medio Ambiente y Recursos Naturales,Apoyos para el Desarrollo Forestal Sustentable,"$856,582,888.00 ",1.23088,"$695,910,964.50 "
2022,16,Medio Ambiente y Recursos Naturales,"Agua Potable, Drenaje y Tratamiento","$672,523,047.00 ",1.23088,"$546,375,801.90 "
2022,16,Medio Ambiente y Recursos Naturales,Conservación y Manejo de Áreas Naturales Protegidas,"$61,765,127.00 ",1.23088,"$50,179,649.52 "
2022,16,Medio Ambiente y Recursos Naturales,Gestion integral y sustentable del agua,"$1,156,295,750.00 ",1.23088,"$939,405,750.40 "
2022,16,Medio Ambiente y Recursos Naturales,Inspección y Vigilancia del Medio Ambiente y Recursos Naturales,"$56,736,131.00 ",1.23088,"$46,093,957.98 "
2022,16,Medio Ambiente y Recursos Naturales,Investigacion cientifica y tecnologica,"$195,670,130.00 ",1.23088,"$158,967,673.50 "
2022,16,Medio Ambiente y Recursos Naturales,"Investigacion en Cambio Climatico, sustentabilidad ambiental y crecimiento verde","$160,307,827.00 ",1.23088,"$130,238,388.00 "
2022,16,Medio Ambiente y Recursos Naturales,Normatividad Ambiental e Instrumentos de Fomento para el Desarrollo Sustentable,"$21,141,098.00 ",1.23088,"$17,175,596.32 "
2022,16,Medio Ambiente y Recursos Naturales,"Planeacion, Direccion y  Evaluacion Ambiental","$117,098,733.00 ",1.23088,"$95,134,158.49 "
2022,16,Medio Ambiente y Recursos Naturales,Programa de Conservacion para el Desarrollo Sostenible (PROCODES),"$147,573,032.00 ",1.23088,"$119,892,298.20 "
2022,16,Medio Ambiente y Recursos Naturales,Programa de apoyo a la infraestructura hidroagricola,"$1,628,578,996.00 ",1.23088,"$1,323,101,355.00 "
2022,16,Medio Ambiente y Recursos Naturales,Programa para la Protección y Restauración de Ecosistemas y Especies Prioritarias,"$34,856,856.00 ",1.23088,"$28,318,646.82 "
2022,16,Medio Ambiente y Recursos Naturales,Proteccion Forestal,"$1,348,722,207.00 ",1.23088,"$1,095,738,177.00 "
2022,16,Medio Ambiente y Recursos Naturales,Regulacion Ambiental,"$89,297,277.00 ",1.23088,"$72,547,508.29 "
2022,18,Energia,Actividades de apoyo administrativo,"$1,645,304.00 ",1.23088,"$1,336,689.20 "
2022,18,Energia,Conduccion de la politica energetica,"$46,326,600.00 ",1.23088,"$37,636,975.17 "
2022,18,Energia,Coordinacion de la politica energetica en electricidad ,"$3,881,316.00 ",1.23088,"$3,153,285.45 "
2022,18,Energia,Coordinacion de la politica energetica en hidrocarburos,"$7,428,114.00 ",1.23088,"$6,034,799.49 "
2022,18,Energia,"Gestion, promocion, supervision y evaluacion del aprovechamiento sustentable de la energia ","$61,112,383.00 ",1.23088,"$49,649,342.75 "
2022,18,Energia,Recursos destinados a la transicion e investigacion en materia energetica,"$258,547,293.00 ",1.23088,"$210,050,771.00 "
2022,21,Turismo,Planeacion y conduccion de la politica de turismo,"$675,000.00 ",1.23088,"$548,388.15 "
2022,23,Provisiones Salariales y Economicas,Fondo de Desastres Naturales (FONDEN),"$9,054,884,831.00 ",1.23088,"$7,356,431,846.00 "
2022,23,Provisiones Salariales y Economicas,Fondo de Prevencion de Desastres Naturales (FOPREDEN),"$207,505,945.00 ",1.23088,"$168,583,407.80 "
2022,36,Seguridad y Proteccion Ciudadana,Coordinación del Sistema Nacional de Protección Civil,"$145,964,459.00 ",1.23088,"$118,585,450.30 "
2022,38,"Consejo Nacional de Humanidades, Ciencia y Tecnologia","Apoyos institucionales para actividades cientificas, tecnologicas y de innovacion","$134,332,635.00 ",1.23088,"$109,135,443.80 "
2022,38,"Consejo Nacional de Humanidades, Ciencia y Tecnologia",Becas de posgrado y otras modalidades de apoyo a la calidad,"$135,124,042.00 ",1.23088,"$109,778,404.10 "
2022,47,Entidades No Sectorizadas, Programa para el Bienestrar Integral de los Pueblos Indigenas,"$30,000,000.00 ",1.23088,"$24,372,806.45 "
2022,52,Petroleos Mexicanos,Proyectos de infraestructura economica de hidrocarburos,"$60,953,641.00 ",1.23088,"$49,520,376.48 "
2022,52,Petroleos Mexicanos,Mantenimiento de infraestructura,"$255,491,932.00 ",1.23088,"$207,568,513.60 "
2022,53,Comision Federal de Electricidad,Mantenimiento de infraestructura,"$505,809,095.00 ",1.23088,"$410,932,905.70 "
2022,53,Comision Federal de Electricidad,Operacion y mantenimiento de las centrales generadoras de energia electrica,"$2,500,000.00 ",1.23088,"$2,031,067.20 "
2022,53,Comision Federal de Electricidad,Servicio de transporte de gas natural,"$47,448,826,365.00 ",1.23088,"$38,548,702,038.00 "
2022,53,Comision Federal de Electricidad,Proyectos de infraestructura economica de electricidad,"$110,000,000.00 ",1.23088,"$89,366,956.97 "
2022,53,Comision Federal de Electricidad,Promocion de medidas para el ahorro y uso eficiente de la energia electrica,"$578,063.00 ",1.23088,"$469,633.92 "
2023,8,Agricultura y Desarrollo Rural,"Desarrollo, aplicacion de programas educativos e investigacion en materia agroalimentaria","$7,566,842.00 ",1.2897,"$5,867,133.44 "
2023,8,Agricultura y Desarrollo Rural,Generacion de Proyectos de Investigacion,"$993,040.00 ",1.2897,"$769,977.51 "
2023,8,Agricultura y Desarrollo Rural,Actividades de apoyo administrativo,"$7,354,975.00 ",1.2897,"$5,702,857.25 "
2023,8,Agricultura y Desarrollo Rural,Diseño y Aplicacion de la Politica Agropecuaria,"$10,267,809.00 ",1.2897,"$7,961,393.35 "
2023,8,Agricultura y Desarrollo Rural,"Programa de Abasto Social de Leche a cargo de Liconsa, S.A. de C.V.","$394,214,449.00 ",1.2897,"$305,663,680.70 "
2023,8,Agricultura y Desarrollo Rural,"Programa de Abasto Rural a cargo de Diconsa, S.A. de C.V. (DICONSA)","$940,955,873.00 ",1.2897,"$729,592,830.10 "
2023,8,Agricultura y Desarrollo Rural,Sanidad e Inocuidad Agroalimentaria,"$97,723,562.00 ",1.2897,"$75,772,320.69 "
2023,8,Agricultura y Desarrollo Rural,Produccion para el Bienestar,"$539,999,994.00 ",1.2897,"$418,702,019.10 "
2023,8,Agricultura y Desarrollo Rural,"Programa de Fomento a la Agricultura, ganaderia, pesca y acuicultura","$3,593,764.00 ",1.2897,"$2,786,511.59 "
2023,9,Comunicaciones y Transportes,Reconstruccion y Conservacion de Carreteras,"$105,000,000.00 ",1.2897,"$81,414,282.39 "
2023,10,Economia,Estudios de preinversion,"$7,315,280.00 ",1.2897,"$5,672,078.78 "
2023,11,Educacion Publica,Servicios de Educacion Media Superior,"$1,535,250,562.00 ",1.2897,"$1,190,393,550.00 "
2023,11,Educacion Publica,Servicios de Educación Superior y Posgrado,"$278,157,169.00 ",1.2897,"$215,675,869.60 "
2023,11,Educacion Publica,Investigacion cientifica y tecnologica,"$1,448,571,591.00 ",1.2897,"$1,123,184,920.00 "
2023,11,Educacion Publica,Programa Nacional de Becas,"$2,965,387.00 ",1.2897,"$2,299,284.33 "
2023,11,Educacion Publica,Subsidios para organismos descentralizados estatales,"$21,206,776.00 ",1.2897,"$16,443,185.24 "
2023,12,Salud,Proteccion Contra Riesgos Sanitarios,"$13,243,124.00 ",1.2897,"$10,268,375.59 "
2023,12,Salud,Vigilancia epidemiologica,"$363,854,565.00 ",1.2897,"$282,123,412.40 "
2023,13,Marina,Emplear el Poder Naval de la Federacion para salvaguardar la soberania y seguridad nacionales,"$13,005,275.00 ",1.2897,"$10,083,953.63 "
2023,15,"Desarrollo Agrario, Territorial y Urbano",Programa de Vivienda Social,"$41,117,583.00 ",1.2897,"$31,881,509.65 "
2023,15,"Desarrollo Agrario, Territorial y Urbano",Programa de Mejoramiento Urbano (PMU),"$635,069,925.00 ",1.2897,"$492,416,783.00 "
2023,16,Medio Ambiente y Recursos Naturales,Actividades de apoyo a la funcion publica y buen gobierno,"$3,747,359.00 ",1.2897,"$2,905,605.18 "
2023,16,Medio Ambiente y Recursos Naturales,Actividades de apoyo administrativo,"$12,613,851.00 ",1.2897,"$9,780,453.59 "
2023,16,Medio Ambiente y Recursos Naturales,Capacitacion Ambiental y Desarrollo Sustentable,"$4,294,319.00 ",1.2897,"$3,329,703.81 "
2023,16,Medio Ambiente y Recursos Naturales,Apoyos para el Desarrollo Forestal Sustentable,"$861,967,125.00 ",1.2897,"$668,346,999.30 "
2023,16,Medio Ambiente y Recursos Naturales,"Agua Potable, Drenaje y Tratamiento","$710,160,524.00 ",1.2897,"$550,640,089.90 "
2023,16,Medio Ambiente y Recursos Naturales,Conservación y Manejo de Áreas Naturales Protegidas,"$65,700,328.00 ",1.2897,"$50,942,333.88 "
2023,16,Medio Ambiente y Recursos Naturales,Gestion integral y sustentable del agua,"$1,238,300,000.00 ",1.2897,"$960,145,770.30 "
2023,16,Medio Ambiente y Recursos Naturales,Inspección y Vigilancia del Medio Ambiente y Recursos Naturales,"$60,073,263.00 ",1.2897,"$46,579,253.31 "
2023,16,Medio Ambiente y Recursos Naturales,Investigacion cientifica y tecnologica,"$204,197,496.00 ",1.2897,"$158,329,453.40 "
2023,16,Medio Ambiente y Recursos Naturales,"Investigacion en Cambio Climatico, sustentabilidad ambiental y crecimiento verde","$169,960,631.00 ",1.2897,"$131,783,074.40 "
2023,16,Medio Ambiente y Recursos Naturales,Normatividad Ambiental e Instrumentos de Fomento para el Desarrollo Sustentable,"$64,632,281.00 ",1.2897,"$50,114,197.88 "
2023,16,Medio Ambiente y Recursos Naturales,"Planeacion, Direccion y  Evaluacion Ambiental","$143,654,540.00 ",1.2897,"$111,386,012.30 "
2023,16,Medio Ambiente y Recursos Naturales,Programa de Conservacion para el Desarrollo Sostenible (PROCODES),"$147,846,714.00 ",1.2897,"$114,636,515.50 "
2023,16,Medio Ambiente y Recursos Naturales,Programa de apoyo a la infraestructura hidroagricola,"$1,706,793,700.00 ",1.2897,"$1,323,403,660.00 "
2023,16,Medio Ambiente y Recursos Naturales,Programa para la Protección y Restauración de Ecosistemas y Especies Prioritarias,"$110,757,305.00 ",1.2897,"$85,878,347.68 "
2023,16,Medio Ambiente y Recursos Naturales,Proteccion Forestal,"$1,416,184,853.00 ",1.2897,"$1,098,073,081.00 "
2023,16,Medio Ambiente y Recursos Naturales,Regulacion Ambiental,"$79,833,666.00 ",1.2897,"$61,900,958.36 "
2023,18,Energia,Actividades de apoyo administrativo,"$7,113,183.00 ",1.2897,"$5,515,377.99 "
2023,18,Energia,Conduccion de la politica energetica,"$51,994,513.00 ",1.2897,"$40,315,199.66 "
2023,18,Energia,Coordinacion de la politica energetica en electricidad ,"$4,391,726.00 ",1.2897,"$3,405,230.67 "
2023,18,Energia,Coordinacion de la politica energetica en hidrocarburos,"$8,017,530.00 ",1.2897,"$6,216,585.25 "
2023,18,Energia,"Gestion, promocion, supervision y evaluacion del aprovechamiento sustentable de la energia ","$64,322,374.00 ",1.2897,"$49,873,904.01 "
2023,18,Energia,Recursos destinados a la transicion e investigacion en materia energetica,"$273,016,786.00 ",1.2897,"$211,690,149.70 "
2023,20,Bienestar,Sembrando Vida,"$34,264,979,602.00 ",1.2897,"$26,568,178,338.00 "
2023,21,Turismo,Servicios Turísticos en APIs concesionadas,"$43,578,353.00 ",1.2897,"$33,789,527.02 "
2023,21,Turismo,Escalas náuticas en Mar de Cortés y otras unidades de negocios,"$211,259,910.00 ",1.2897,"$163,805,466.40 "
2023,21,Turismo,Desarrollo y promoción de proyectos turísticos sustentables,"$700,000.00 ",1.2897,"$542,761.88 "
2023,21,Turismo,Mantenimiento de infraestructura,"$70,000,000.00 ",1.2897,"$54,276,188.26 "
2023,21,Turismo,Proyectos de Transporte Masivo de Pasajeros,"$98,549,175,369.00 ",1.2897,"$76,412,479,933.00 "
2023,23,Provisiones Salariales y Economicas,Fondo de Desastres Naturales (FONDEN),"$17,156,826,205.00 ",1.2897,"$13,302,958,987.00 "
2023,23,Provisiones Salariales y Economicas,Fondo de Prevencion de Desastres Naturales (FOPREDEN),"$217,809,647.00 ",1.2897,"$168,883,962.90 "
2023,36,Seguridad y Proteccion Ciudadana,Coordinación del Sistema Nacional de Protección Civil,"$154,033,466.00 ",1.2897,"$119,433,562.80 "
2023,38,"Consejo Nacional de Humanidades, Ciencia y Tecnologia","Apoyos institucionales para actividades cientificas, tecnologicas y de innovacion","$142,650,990.00 ",1.2897,"$110,607,885.60 "
2023,38,"Consejo Nacional de Humanidades, Ciencia y Tecnologia",Becas de posgrado y otras modalidades de apoyo a la calidad,"$141,496,644.00 ",1.2897,"$109,712,835.50 "
2023,47,Entidades No Sectorizadas,Operación y conservación de infraestructura ferroviaria,"$759,569.00 ",1.2897,"$588,950.14 "
2023,47,Entidades No Sectorizadas, Programa para el Bienestrar Integral de los Pueblos Indigenas,"$31,915,053.00 ",1.2897,"$24,746,106.07 "
2023,52,Petroleos Mexicanos,Proyectos de infraestructura economica de hidrocarburos,"$1,557,136,725.00 ",1.2897,"$1,207,363,515.00 "
2023,52,Petroleos Mexicanos,Operación y mantenimiento de la infraestructura en ecología,"$1,150,000.00 ",1.2897,"$891,680.24 "
2023,52,Petroleos Mexicanos,Mantenimiento de infraestructura,"$25,365,000.00 ",1.2897,"$19,667,364.50 "
2023,53,Comision Federal de Electricidad,Mantenimiento de infraestructura,"$329,353,323.00 ",1.2897,"$255,372,042.30 "
2023,53,Comision Federal de Electricidad,Servicio de transporte de gas natural,"$20,786,919,389.00 ",1.2897,"$16,117,639,287.00 "
2023,53,Comision Federal de Electricidad,Proyectos de infraestructura economica de electricidad,"$404,509,581.00 ",1.2897,"$313,646,259.60 "
2023,53,Comision Federal de Electricidad,Promocion de medidas para el ahorro y uso eficiente de la energia electrica,"$1,867,000.00 ",1.2897,"$1,447,623.48 "
2024,7,Defensa Nacional,Prestación de Servicios Públicos de Transporte Masivo de Personas y Carga Tren Maya,"$5,937,262,358.00 ",1.36095,"$4,362,586,692.00 "
2024,7,Defensa Nacional,Proyectos de Transporte Masivo de Pasajeros,"$120,000,000,000.00 ",1.36095,"$88,173,702,193.00 "
2024,8,Agricultura y Desarrollo Rural,"Desarrollo, aplicacion de programas educativos e investigacion en materia agroalimentaria","$10,782,782.00 ",1.36095,"$7,922,981.74 "
2024,8,Agricultura y Desarrollo Rural,Generacion de Proyectos de Investigacion,"$1,517,258.00 ",1.36095,"$1,114,852.13 "
2024,8,Agricultura y Desarrollo Rural,Actividades de apoyo administrativo,"$10,065,221.00 ",1.36095,"$7,395,731.66 "
2024,8,Agricultura y Desarrollo Rural,Diseño y Aplicacion de la Politica Agropecuaria,"$10,904,688.00 ",1.36095,"$8,012,555.94 "
2024,8,Agricultura y Desarrollo Rural,"Programa de Abasto Social de Leche a cargo de Liconsa, S.A. de C.V.","$427,500,000.00 ",1.36095,"$314,118,814.10 "
2024,8,Agricultura y Desarrollo Rural,"Programa de Abasto Rural a cargo de Diconsa, S.A. de C.V. (DICONSA)","$986,360,000.00 ",1.36095,"$724,758,440.80 "
2024,8,Agricultura y Desarrollo Rural,Sanidad e Inocuidad Agroalimentaria,"$107,764,591.00 ",1.36095,"$79,183,357.95 "
2024,8,Agricultura y Desarrollo Rural,Produccion para el Bienestar,"$566,999,993.00 ",1.36095,"$416,620,737.70 "
2024,8,Agricultura y Desarrollo Rural,"Programa de Fomento a la Agricultura, ganaderia, pesca y acuicultura","$4,860,000.00 ",1.36095,"$3,571,034.94 "
2024,9,Comunicaciones y Transportes,Reconstruccion y Conservacion de Carreteras,"$128,000,000.00 ",1.36095,"$94,051,949.01 "
2024,10,Economia,Estudios de preinversion,"$3,260,010.00 ",1.36095,"$2,395,392.92 "
2024,11,Educacion Publica,Servicios de Educacion Media Superior,"$1,618,647,721.00 ",1.36095,"$1,189,351,351.00 "
2024,11,Educacion Publica,Servicios de Educación Superior y Posgrado,"$276,384,398.00 ",1.36095,"$203,081,963.30 "
2024,11,Educacion Publica,Investigacion cientifica y tecnologica,"$1,534,477,805.00 ",1.36095,"$1,127,504,908.00 "
2024,11,Educacion Publica,Programa Nacional de Becas,"$2,922,081.00 ",1.36095,"$2,147,089.17 "
2024,11,Educacion Publica,Subsidios para organismos descentralizados estatales,"$22,199,992.00 ",1.36095,"$16,312,129.03 "
2024,12,Salud,Proteccion Contra Riesgos Sanitarios,"$17,645,442.00 ",1.36095,"$12,965,532.90 "
2024,12,Salud,Vigilancia epidemiologica,"$401,368,709.00 ",1.36095,"$294,918,041.80 "
2024,13,Marina,Emplear el Poder Naval de la Federacion para salvaguardar la soberania y seguridad nacionales,"$13,005,275.00 ",1.36095,"$9,556,027.04 "
2024,13,Marina,Operación y conservación de infraestructura ferroviaria,"$760,000.00 ",1.36095,"$558,433.45 "
2024,15,"Desarrollo Agrario, Territorial y Urbano",Programa de Vivienda Social,"$43,320,282.00 ",1.36095,"$31,830,913.70 "
2024,15,"Desarrollo Agrario, Territorial y Urbano",Programa de Mejoramiento Urbano (PMU),"$415,240,270.00 ",1.36095,"$305,110,599.20 "
2024,16,Medio Ambiente y Recursos Naturales,Actividades de apoyo a la funcion publica y buen gobierno,"$4,117,451.00 ",1.36095,"$3,025,424.15 "
2024,16,Medio Ambiente y Recursos Naturales,Actividades de apoyo administrativo,"$13,043,037.00 ",1.36095,"$9,583,773.83 "
2024,16,Medio Ambiente y Recursos Naturales,Capacitacion Ambiental y Desarrollo Sustentable,"$4,717,694.00 ",1.36095,"$3,466,471.21 "
2024,16,Medio Ambiente y Recursos Naturales,Apoyos para el Desarrollo Forestal Sustentable,"$903,562,985.00 ",1.36095,"$663,920,779.60 "
2024,16,Medio Ambiente y Recursos Naturales,"Agua Potable, Drenaje y Tratamiento","$717,634,778.00 ",1.36095,"$527,304,293.30 "
2024,16,Medio Ambiente y Recursos Naturales,Conservación y Manejo de Áreas Naturales Protegidas,"$68,870,817.00 ",1.36095,"$50,604,957.57 "
2024,16,Medio Ambiente y Recursos Naturales,Gestion integral y sustentable del agua,"$1,238,369,052.00 ",1.36095,"$909,929,866.60 "
2024,16,Medio Ambiente y Recursos Naturales,Inspección y Vigilancia del Medio Ambiente y Recursos Naturales,"$61,930,227.00 ",1.36095,"$45,505,144.94 "
2024,16,Medio Ambiente y Recursos Naturales,Investigacion cientifica y tecnologica,"$216,643,869.00 ",1.36095,"$159,185,766.60 "
2024,16,Medio Ambiente y Recursos Naturales,"Investigacion en Cambio Climatico, sustentabilidad ambiental y crecimiento verde","$179,762,315.00 ",1.36095,"$132,085,906.90 "
2024,16,Medio Ambiente y Recursos Naturales,Normatividad Ambiental e Instrumentos de Fomento para el Desarrollo Sustentable,"$81,753,461.00 ",1.36095,"$60,070,877.70 "
2024,16,Medio Ambiente y Recursos Naturales,"Planeacion, Direccion y  Evaluacion Ambiental","$125,791,915.00 ",1.36095,"$92,429,490.43 "
2024,16,Medio Ambiente y Recursos Naturales,Programa de Conservacion para el Desarrollo Sostenible (PROCODES),"$154,720,550.00 ",1.36095,"$113,685,697.50 "
2024,16,Medio Ambiente y Recursos Naturales,Programa de apoyo a la infraestructura hidroagricola,"$1,699,700,357.00 ",1.36095,"$1,248,907,276.00 "
2024,16,Medio Ambiente y Recursos Naturales,Programa para la Protección y Restauración de Ecosistemas y Especies Prioritarias,"$116,071,614.00 ",1.36095,"$85,287,199.38 "
2024,16,Medio Ambiente y Recursos Naturales,Proteccion Forestal,"$1,488,488,417.00 ",1.36095,"$1,093,712,787.00 "
2024,16,Medio Ambiente y Recursos Naturales,Regulacion Ambiental,"$82,912,637.00 ",1.36095,"$60,922,618.02 "
2024,18,Energia,Actividades de apoyo administrativo,"$7,902,472.00 ",1.36095,"$5,806,585.11 "
2024,18,Energia,Conduccion de la politica energetica,"$55,275,644.00 ",1.36095,"$40,615,484.77 "
2024,18,Energia,Coordinacion de la politica energetica en electricidad ,"$4,237,476.00 ",1.36095,"$3,113,616.22 "
2024,18,Energia,Coordinacion de la politica energetica en hidrocarburos,"$7,070,755.00 ",1.36095,"$5,195,455.38 "
2024,18,Energia,"Gestion, promocion, supervision y evaluacion del aprovechamiento sustentable de la energia ","$68,040,617.00 ",1.36095,"$49,994,942.50 "
2024,18,Energia,Recursos destinados a la transicion e investigacion en materia energetica,"$286,191,729.00 ",1.36095,"$210,288,202.40 "
2024,20,Bienestar,Sembrando Vida,"$36,137,248,336.00 ",1.36095,"$26,552,958,107.00 "
2024,21,Turismo,Escalas náuticas en Mar de Cortés y otras unidades de negocios,"$211,289,550.00 ",1.36095,"$155,251,515.50 "
2024,21,Turismo,Desarrollo y promoción de proyectos turísticos sustentables,"$733,600.00 ",1.36095,"$539,035.23 "
2024,23,Provisiones Salariales y Economicas,Fondo de Desastres Naturales (FONDEN),"$17,984,761,420.00 ",1.36095,"$13,214,858,312.00 "
2024,23,Provisiones Salariales y Economicas,Fondo de Prevencion de Desastres Naturales (FOPREDEN),"$228,320,465.00 ",1.36095,"$167,765,505.70 "
2024,36,Seguridad y Proteccion Ciudadana,Coordinación del Sistema Nacional de Protección Civil,"$190,683,882.00 ",1.36095,"$140,110,865.20 "
2024,38,"Consejo Nacional de Humanidades, Ciencia y Tecnologia","Apoyos institucionales para actividades cientificas, tecnologicas y de innovacion","$148,882,249.00 ",1.36095,"$109,395,825.70 "
2024,38,"Consejo Nacional de Humanidades, Ciencia y Tecnologia",Becas de posgrado y otras modalidades de apoyo a la calidad,"$148,854,470.00 ",1.36095,"$109,375,414.20 "
2024,47,Entidades No Sectorizadas, Programa para el Bienestrar Integral de los Pueblos Indigenas,"$31,915,053.00 ",1.36095,"$23,450,569.82 "
2024,52,Petroleos Mexicanos,Proyectos de infraestructura economica de hidrocarburos,"$1,839,738,036.00 ",1.36095,"$1,351,804,281.00 "
2024,52,Petroleos Mexicanos,Operación y mantenimiento de la infraestructura en ecología,"$300,000.00 ",1.36095,"$220,434.26 "
2024,52,Petroleos Mexicanos,Mantenimiento de infraestructura,"$38,355,976.00 ",1.36095,"$28,183,236.71 "
2024,53,Comision Federal de Electricidad,Mantenimiento de infraestructura,"$1,860,556,806.00 ",1.36095,"$1,367,101,514.00 "
2024,53,Comision Federal de Electricidad,Servicio de transporte de gas natural,"$34,757,293,640.00 ",1.36095,"$25,538,993,820.00 "
2024,53,Comision Federal de Electricidad,Proyectos de infraestructura economica de electricidad,"$252,130,000.00 ",1.36095,"$185,260,296.10 "
2024,53,Comision Federal de Electricidad,Promocion de medidas para el ahorro y uso eficiente de la energia electrica,"$2,260,000.00 ",1.36095,"$1,660,604.72 "
