emisora,dia_calendario,precio_apertura,precio_maximo,precio_minimo,precio_cierre,cambio_pesos
AC*,2026-02-03,197.03,207.67,196.94,207.67,10.639999999999986
AC*,2026-02-04,207.67,208.92,203.27,204.77,-2.8999999999999773
AC*,2026-02-05,205.76,208.2,203.77,205.04,-0.7199999999999989
AC*,2026-02-06,205.46,208.3,203.6,206.47,1.009999999999991
AC*,2026-02-09,205.5,206.24,204.2,205.1,-0.4000000000000057
AC*,2026-02-10,205.49,206.4,203.93,205.06,-0.4300000000000068
AC*,2026-02-11,205.65,206.21,204.33,204.64,-1.0100000000000193
AC*,2026-02-12,204.0,210.0,204.0,207.0,3.0
AC*,2026-02-13,206.89,210.75,204.95,210.5,3.6100000000000136
AC*,2026-02-16,210.5,210.5,205.02,209.7,-0.8000000000000114
AC*,2026-02-17,210.99,212.96,209.04,212.12,1.1299999999999955
AC*,2026-02-18,211.49,212.07,207.85,208.46,-3.030000000000001
AC*,2026-02-19,208.46,212.94,208.46,210.09,1.6299999999999955
AC*,2026-02-20,210.47,211.48,208.57,210.73,0.2599999999999909
AC*,2026-02-23,210.73,210.73,205.62,206.44,-4.289999999999992
AC*,2026-02-24,205.91,208.6,204.3,205.75,-0.1599999999999966
AC*,2026-02-25,205.36,207.2,204.38,205.3,-0.060000000000002274
AC*,2026-02-26,205.3,211.14,205.05,210.91,5.609999999999985
AC*,2026-02-27,207.89,210.66,206.14,207.9,0.010000000000019327
AC*,2026-03-02,205.8,207.28,203.7,205.94,0.13999999999998636
AC*,2026-03-03,205.94,205.94,197.36,202.12,-3.819999999999993
AC*,2026-03-04,202.12,206.99,198.7,206.99,4.8700000000000045
AC*,2026-03-05,206.99,209.6,204.64,205.37,-1.6200000000000045
AC*,2026-03-06,205.37,209.57,203.09,207.01,1.6399999999999864
AC*,2026-03-09,204.51,206.81,202.58,203.94,-0.5699999999999932
AC*,2026-03-10,203.49,203.49,198.11,199.63,-3.8600000000000136
AC*,2026-03-11,202.31,204.4,199.12,203.78,1.4699999999999989
ALSEA*,2026-02-03,53.63,54.18,52.07,52.95,-0.6799999999999997
ALSEA*,2026-02-04,52.95,54.4,52.4,53.76,0.8099999999999952
ALSEA*,2026-02-05,54.42,55.05,52.89,53.4,-1.0200000000000031
ALSEA*,2026-02-06,53.44,54.98,52.67,54.34,0.9000000000000057
ALSEA*,2026-02-09,54.66,55.6,54.31,55.14,0.480000000000004
ALSEA*,2026-02-10,55.56,56.5,55.01,55.89,0.3299999999999983
ALSEA*,2026-02-11,55.66,55.87,54.77,55.29,-0.36999999999999744
ALSEA*,2026-02-12,55.29,56.53,54.98,55.14,-0.14999999999999858
ALSEA*,2026-02-13,55.25,57.1,54.82,56.97,1.7199999999999989
ALSEA*,2026-02-16,56.69,56.85,56.06,56.44,-0.25
ALSEA*,2026-02-17,56.41,58.0,56.08,57.97,1.5600000000000023
ALSEA*,2026-02-18,57.94,58.6,57.71,58.56,0.6200000000000045
ALSEA*,2026-02-19,58.56,61.41,58.45,61.24,2.6799999999999997
ALSEA*,2026-02-20,61.16,61.39,60.4,61.17,0.010000000000005116
ALSEA*,2026-02-23,61.17,61.28,59.58,60.85,-0.3200000000000003
ALSEA*,2026-02-24,60.85,61.14,60.04,61.14,0.28999999999999915
ALSEA*,2026-02-25,60.65,61.0,59.17,59.82,-0.8299999999999983
ALSEA*,2026-02-26,59.82,60.66,59.82,60.47,0.6499999999999986
ALSEA*,2026-02-27,60.4,60.85,59.57,60.83,0.4299999999999997
ALSEA*,2026-03-02,60.23,60.75,59.73,60.0,-0.22999999999999687
ALSEA*,2026-03-03,60.0,60.11,56.83,58.58,-1.4200000000000017
ALSEA*,2026-03-04,58.9,60.16,58.44,59.25,0.3500000000000014
ALSEA*,2026-03-05,59.2,59.43,57.72,58.72,-0.480000000000004
ALSEA*,2026-03-06,57.15,58.95,56.75,56.85,-0.29999999999999716
ALSEA*,2026-03-09,56.85,56.9,54.77,56.48,-0.37000000000000455
ALSEA*,2026-03-10,56.11,57.17,55.95,56.92,0.8100000000000023
ALSEA*,2026-03-11,56.82,57.79,56.79,57.55,0.7299999999999969
AMXB,2026-02-03,18.19,19.0,18.01,18.76,0.5700000000000003
AMXB,2026-02-04,18.76,18.87,18.45,18.61,-0.15000000000000213
AMXB,2026-02-05,18.55,18.76,18.35,18.58,0.029999999999997584
AMXB,2026-02-06,18.48,18.61,18.17,18.53,0.05000000000000071
AMXB,2026-02-09,18.55,19.11,18.53,19.06,0.509999999999998
AMXB,2026-02-10,19.07,19.43,19.07,19.38,0.3099999999999987
AMXB,2026-02-11,19.28,20.25,19.05,20.25,0.9699999999999989
AMXB,2026-02-12,20.08,20.74,19.81,20.63,0.5500000000000007
AMXB,2026-02-13,20.57,20.69,20.11,20.45,-0.120000000000001
AMXB,2026-02-16,20.45,20.5,20.22,20.31,-0.14000000000000057
AMXB,2026-02-17,20.31,20.94,20.31,20.84,0.5300000000000011
AMXB,2026-02-18,20.92,20.97,20.53,20.62,-0.3000000000000007
AMXB,2026-02-19,20.62,20.9,20.52,20.56,-0.060000000000002274
AMXB,2026-02-20,20.55,20.68,20.3,20.58,0.029999999999997584
AMXB,2026-02-23,20.58,20.79,20.52,20.58,0.0
AMXB,2026-02-24,20.58,21.98,20.56,21.94,1.360000000000003
AMXB,2026-02-25,21.86,21.91,21.42,21.7,-0.16000000000000014
AMXB,2026-02-26,21.7,22.0,21.64,21.85,0.15000000000000213
AMXB,2026-02-27,21.74,22.46,21.74,22.45,0.7100000000000009
AMXB,2026-03-02,22.39,22.69,22.3,22.42,0.030000000000001137
AMXB,2026-03-03,22.42,22.43,21.61,21.72,-0.7000000000000028
AMXB,2026-03-04,21.65,22.09,21.58,22.06,0.41000000000000014
AMXB,2026-03-05,22.0,22.05,21.51,21.6,-0.3999999999999986
AMXB,2026-03-06,21.6,21.61,21.14,21.14,-0.46000000000000085
AMXB,2026-03-09,21.01,21.25,20.99,21.24,0.22999999999999687
AMXB,2026-03-10,21.22,21.28,20.97,21.01,-0.2099999999999973
AMXB,2026-03-11,21.27,21.33,20.86,20.95,-0.3200000000000003
ASURB,2026-02-03,617.27,634.01,604.61,631.66,14.389999999999986
ASURB,2026-02-04,631.66,631.66,615.8,618.17,-13.490000000000009
ASURB,2026-02-05,622.04,629.77,608.06,629.46,7.420000000000073
ASURB,2026-02-06,626.95,642.96,626.95,635.32,8.370000000000005
ASURB,2026-02-09,637.0,642.34,628.78,634.99,-2.009999999999991
ASURB,2026-02-10,634.21,643.03,624.95,643.03,8.819999999999936
ASURB,2026-02-11,643.8,649.95,639.14,648.94,5.1400000000001
ASURB,2026-02-12,648.17,649.29,636.92,638.68,-9.490000000000009
ASURB,2026-02-13,639.94,642.82,632.51,639.87,-0.07000000000005002
ASURB,2026-02-16,639.87,641.54,635.02,636.09,-3.7799999999999727
ASURB,2026-02-17,643.12,648.48,636.78,647.47,4.350000000000023
ASURB,2026-02-18,647.81,652.41,642.33,647.2,-0.6099999999999
ASURB,2026-02-19,647.2,650.72,641.1,644.65,-2.550000000000068
ASURB,2026-02-20,645.92,650.68,642.0,650.68,4.759999999999991
ASURB,2026-02-23,650.68,650.68,617.26,628.01,-22.66999999999996
ASURB,2026-02-24,628.95,629.01,594.02,615.19,-13.759999999999991
ASURB,2026-02-25,615.85,642.17,610.0,629.64,13.789999999999964
ASURB,2026-02-26,629.64,638.56,622.55,623.99,-5.649999999999977
ASURB,2026-02-27,625.0,627.81,617.83,620.33,-4.669999999999959
ASURB,2026-03-02,620.33,621.63,606.64,616.34,-3.990000000000009
ASURB,2026-03-03,616.34,616.64,586.98,598.5,-17.840000000000032
ASURB,2026-03-04,598.5,610.89,591.51,606.56,8.059999999999945
ASURB,2026-03-05,606.15,609.63,596.9,599.44,-6.709999999999923
ASURB,2026-03-06,599.44,601.35,586.22,594.03,-5.410000000000082
ASURB,2026-03-09,571.97,593.97,571.97,582.07,10.100000000000023
ASURB,2026-03-10,590.07,598.8,583.74,591.29,1.2199999999999136
ASURB,2026-03-11,591.59,597.54,586.48,592.04,0.4499999999999318
BBAJIOO,2026-02-03,51.4,53.89,51.4,52.82,1.4200000000000017
BBAJIOO,2026-02-04,52.82,53.68,52.0,52.8,-0.020000000000003126
BBAJIOO,2026-02-05,52.82,53.78,52.7,53.75,0.9299999999999997
BBAJIOO,2026-02-06,53.75,54.79,52.77,54.52,0.7700000000000031
BBAJIOO,2026-02-09,54.3,55.39,54.26,55.15,0.8500000000000014
BBAJIOO,2026-02-10,54.96,56.22,54.63,55.52,0.5600000000000023
BBAJIOO,2026-02-11,55.67,55.79,54.89,55.36,-0.3100000000000023
BBAJIOO,2026-02-12,55.63,57.33,53.63,55.18,-0.45000000000000284
BBAJIOO,2026-02-13,55.12,55.55,54.2,55.25,0.13000000000000256
BBAJIOO,2026-02-16,55.48,55.52,53.66,53.96,-1.519999999999996
BBAJIOO,2026-02-17,54.19,54.46,53.31,54.24,0.05000000000000426
BBAJIOO,2026-02-18,54.41,56.01,54.26,55.95,1.5400000000000063
BBAJIOO,2026-02-19,55.95,55.95,54.62,55.02,-0.9299999999999997
BBAJIOO,2026-02-20,55.25,55.8,54.51,55.54,0.28999999999999915
BBAJIOO,2026-02-23,55.54,55.55,53.56,54.82,-0.7199999999999989
BBAJIOO,2026-02-24,54.79,56.04,54.33,55.97,1.1799999999999997
BBAJIOO,2026-02-25,56.06,56.71,55.82,56.71,0.6499999999999986
BBAJIOO,2026-02-26,56.52,56.95,55.82,56.34,-0.17999999999999972
BBAJIOO,2026-02-27,55.71,58.05,55.5,57.43,1.7199999999999989
BBAJIOO,2026-03-02,56.17,57.58,54.76,56.19,0.01999999999999602
BBAJIOO,2026-03-03,56.19,56.19,54.04,55.3,-0.8900000000000006
BBAJIOO,2026-03-04,55.55,55.61,54.36,55.02,-0.529999999999994
BBAJIOO,2026-03-05,54.41,55.16,51.85,51.85,-2.559999999999995
BBAJIOO,2026-03-06,51.06,52.13,50.58,51.25,0.18999999999999773
BBAJIOO,2026-03-09,49.55,51.29,49.47,50.28,0.730000000000004
BBAJIOO,2026-03-10,50.39,51.68,50.29,51.44,1.0499999999999972
BBAJIOO,2026-03-11,51.27,51.27,51.0,51.08,-0.19000000000000483
BIMBOA,2026-02-03,61.79,62.9,60.7,62.81,1.0200000000000031
BIMBOA,2026-02-04,62.81,63.52,62.45,63.08,0.269999999999996
BIMBOA,2026-02-05,63.53,63.96,61.85,63.2,-0.3299999999999983
BIMBOA,2026-02-06,63.49,67.72,63.23,67.5,4.009999999999998
BIMBOA,2026-02-09,67.22,67.98,66.87,67.4,0.18000000000000682
BIMBOA,2026-02-10,67.4,67.8,67.04,67.56,0.1599999999999966
BIMBOA,2026-02-11,67.83,68.2,67.43,67.85,0.01999999999999602
BIMBOA,2026-02-12,67.6,67.75,65.23,66.37,-1.2299999999999898
BIMBOA,2026-02-13,66.43,68.11,65.85,67.61,1.1799999999999926
BIMBOA,2026-02-16,67.61,68.17,66.41,67.62,0.010000000000005116
BIMBOA,2026-02-17,67.98,68.65,67.5,68.58,0.5999999999999943
BIMBOA,2026-02-18,68.42,68.47,66.27,66.48,-1.9399999999999977
BIMBOA,2026-02-19,66.48,66.8,64.65,65.28,-1.2000000000000028
BIMBOA,2026-02-20,64.61,65.36,64.01,64.01,-0.5999999999999943
BIMBOA,2026-02-23,64.01,64.13,62.54,63.31,-0.7000000000000028
BIMBOA,2026-02-24,63.35,63.45,62.7,62.83,-0.5200000000000031
BIMBOA,2026-02-25,62.98,62.98,61.93,62.8,-0.17999999999999972
BIMBOA,2026-02-26,62.8,64.78,62.76,63.95,1.1500000000000057
BIMBOA,2026-02-27,64.21,64.77,61.93,62.6,-1.6099999999999923
BIMBOA,2026-03-02,62.6,62.6,60.07,62.07,-0.5300000000000011
BIMBOA,2026-03-03,62.07,62.07,58.14,61.48,-0.5900000000000034
BIMBOA,2026-03-04,61.2,64.69,61.01,64.49,3.289999999999992
BIMBOA,2026-03-05,64.16,64.65,62.76,63.19,-0.9699999999999989
BIMBOA,2026-03-06,62.52,62.89,61.06,61.3,-1.220000000000006
BIMBOA,2026-03-09,61.3,61.45,59.83,61.44,0.14000000000000057
BIMBOA,2026-03-10,61.74,61.74,59.94,60.68,-1.0600000000000023
BIMBOA,2026-03-11,60.44,60.88,60.08,60.88,0.44000000000000483
BOLSAA,2026-02-03,35.48,36.0,35.18,35.84,0.36000000000000654
BOLSAA,2026-02-04,35.84,36.09,35.08,35.31,-0.5300000000000011
BOLSAA,2026-02-05,35.24,36.01,35.1,35.7,0.46000000000000085
BOLSAA,2026-02-06,35.93,36.71,35.93,36.7,0.7700000000000031
BOLSAA,2026-02-09,36.71,36.71,35.87,36.33,-0.38000000000000256
BOLSAA,2026-02-10,36.33,37.99,36.31,37.93,1.6000000000000014
BOLSAA,2026-02-11,37.06,37.77,35.6,36.21,-0.8500000000000014
BOLSAA,2026-02-12,36.23,37.2,35.8,36.4,0.1700000000000017
BOLSAA,2026-02-13,36.57,37.04,36.08,36.88,0.3100000000000023
BOLSAA,2026-02-16,37.07,37.79,36.89,37.36,0.28999999999999915
BOLSAA,2026-02-17,37.43,37.62,36.83,37.15,-0.28000000000000114
BOLSAA,2026-02-18,37.35,37.35,36.85,36.91,-0.44000000000000483
BOLSAA,2026-02-19,36.91,37.15,36.64,36.76,-0.14999999999999858
BOLSAA,2026-02-20,36.79,37.08,36.58,36.76,-0.030000000000001137
BOLSAA,2026-02-23,36.76,37.14,36.0,36.0,-0.759999999999998
BOLSAA,2026-02-24,36.09,36.83,36.09,36.64,0.5499999999999972
BOLSAA,2026-02-25,36.86,36.98,36.57,36.86,0.0
BOLSAA,2026-02-26,36.86,37.46,36.86,36.9,0.03999999999999915
BOLSAA,2026-02-27,37.15,38.34,37.0,37.92,0.7700000000000031
BOLSAA,2026-03-02,37.76,38.04,36.85,37.09,-0.6699999999999946
BOLSAA,2026-03-03,37.09,37.46,35.98,37.13,0.03999999999999915
BOLSAA,2026-03-04,37.23,39.19,37.06,38.72,1.490000000000002
BOLSAA,2026-03-05,38.95,38.95,37.67,38.01,-0.9400000000000048
BOLSAA,2026-03-06,37.77,38.35,37.51,37.95,0.17999999999999972
BOLSAA,2026-03-09,36.55,37.52,36.51,37.4,0.8500000000000014
BOLSAA,2026-03-10,37.23,38.36,37.23,38.0,0.7700000000000031
BOLSAA,2026-03-11,37.8,38.23,37.52,38.05,0.25
CEMEXCPO,2026-02-03,22.4,22.74,21.68,21.89,-0.509999999999998
CEMEXCPO,2026-02-04,21.89,21.89,20.97,20.97,-0.9200000000000017
CEMEXCPO,2026-02-05,21.03,21.04,20.28,20.85,-0.17999999999999972
CEMEXCPO,2026-02-06,20.86,21.09,20.59,21.08,0.21999999999999886
CEMEXCPO,2026-02-09,21.07,21.95,21.02,21.94,0.870000000000001
CEMEXCPO,2026-02-10,21.87,22.47,21.63,22.25,0.379999999999999
CEMEXCPO,2026-02-11,22.37,22.38,21.97,22.24,-0.13000000000000256
CEMEXCPO,2026-02-12,22.29,22.32,21.18,21.18,-1.1099999999999994
CEMEXCPO,2026-02-13,21.18,21.57,21.03,21.54,0.35999999999999943
CEMEXCPO,2026-02-16,21.54,21.8,21.4,21.8,0.26000000000000156
CEMEXCPO,2026-02-17,21.71,21.77,21.3,21.49,-0.22000000000000242
CEMEXCPO,2026-02-18,21.56,21.98,21.5,21.61,0.05000000000000071
CEMEXCPO,2026-02-19,21.61,22.01,21.59,21.82,0.21000000000000085
CEMEXCPO,2026-02-20,21.7,22.09,21.57,22.09,0.39000000000000057
CEMEXCPO,2026-02-23,22.09,22.09,21.33,21.37,-0.7199999999999989
CEMEXCPO,2026-02-24,21.42,21.83,21.41,21.64,0.21999999999999886
CEMEXCPO,2026-02-25,21.58,22.06,21.46,21.92,0.3400000000000034
CEMEXCPO,2026-02-26,21.92,21.96,21.56,21.95,0.029999999999997584
CEMEXCPO,2026-02-27,21.83,21.95,21.49,21.62,-0.2099999999999973
CEMEXCPO,2026-03-02,21.62,21.62,20.84,21.09,-0.5300000000000011
CEMEXCPO,2026-03-03,21.09,21.12,19.42,20.25,-0.8399999999999999
CEMEXCPO,2026-03-04,20.47,21.22,20.27,21.01,0.5400000000000027
CEMEXCPO,2026-03-05,20.98,21.09,19.96,20.07,-0.9100000000000001
CEMEXCPO,2026-03-06,19.79,20.03,19.31,19.45,-0.33999999999999986
CEMEXCPO,2026-03-09,18.77,19.5,18.53,19.37,0.6000000000000014
CEMEXCPO,2026-03-10,19.5,19.74,18.89,18.89,-0.6099999999999994
CEMEXCPO,2026-03-11,18.91,18.99,18.68,18.82,-0.08999999999999986
CHDRAUIB,2026-02-03,120.51,121.91,117.87,118.85,-1.6600000000000108
CHDRAUIB,2026-02-04,118.85,121.78,118.85,119.04,0.19000000000001194
CHDRAUIB,2026-02-05,119.96,121.03,117.33,118.32,-1.6400000000000006
CHDRAUIB,2026-02-06,119.0,120.72,118.29,119.79,0.7900000000000063
CHDRAUIB,2026-02-09,119.86,121.14,119.32,119.99,0.12999999999999545
CHDRAUIB,2026-02-10,120.03,121.95,119.35,119.66,-0.37000000000000455
CHDRAUIB,2026-02-11,120.23,121.37,119.12,120.39,0.1599999999999966
CHDRAUIB,2026-02-12,120.43,122.2,119.61,120.41,-0.020000000000010232
CHDRAUIB,2026-02-13,120.8,121.39,118.65,120.98,0.18000000000000682
CHDRAUIB,2026-02-16,121.29,121.3,119.04,119.4,-1.8900000000000006
CHDRAUIB,2026-02-17,120.04,121.32,119.45,119.59,-0.45000000000000284
CHDRAUIB,2026-02-18,119.65,120.04,115.87,115.87,-3.780000000000001
CHDRAUIB,2026-02-19,115.87,116.5,113.02,113.56,-2.3100000000000023
CHDRAUIB,2026-02-20,114.0,115.07,113.23,114.18,0.18000000000000682
CHDRAUIB,2026-02-23,114.18,115.39,113.66,114.31,0.12999999999999545
CHDRAUIB,2026-02-24,114.6,115.48,113.22,115.19,0.5900000000000034
CHDRAUIB,2026-02-25,115.33,115.33,111.48,111.48,-3.8499999999999943
CHDRAUIB,2026-02-26,111.48,112.73,110.05,110.06,-1.4200000000000017
CHDRAUIB,2026-02-27,110.11,113.35,110.0,110.28,0.1700000000000017
CHDRAUIB,2026-03-02,110.78,112.03,109.95,110.27,-0.5100000000000051
CHDRAUIB,2026-03-03,110.27,110.27,106.02,109.37,-0.8999999999999915
CHDRAUIB,2026-03-04,109.32,113.76,107.15,113.49,4.170000000000002
CHDRAUIB,2026-03-05,113.61,113.61,111.6,112.13,-1.480000000000004
CHDRAUIB,2026-03-06,110.59,111.87,109.14,109.62,-0.9699999999999989
CHDRAUIB,2026-03-09,106.61,109.31,105.63,108.1,1.4899999999999949
CHDRAUIB,2026-03-10,107.88,109.21,107.74,107.9,0.020000000000010232
CHDRAUIB,2026-03-11,106.57,107.93,105.88,106.41,-0.1599999999999966
CUERVO*,2026-02-03,18.59,19.52,18.54,19.32,0.7300000000000004
CUERVO*,2026-02-04,19.32,19.6,18.75,19.32,0.0
CUERVO*,2026-02-05,19.4,19.6,18.78,19.03,-0.36999999999999744
CUERVO*,2026-02-06,18.97,19.27,18.97,19.14,0.1700000000000017
CUERVO*,2026-02-09,19.25,19.65,19.07,19.63,0.379999999999999
CUERVO*,2026-02-10,19.63,20.13,19.55,19.94,0.3100000000000023
CUERVO*,2026-02-11,19.86,19.88,18.75,19.04,-0.8200000000000003
CUERVO*,2026-02-12,19.12,19.22,18.52,18.55,-0.5700000000000003
CUERVO*,2026-02-13,18.65,18.94,18.5,18.75,0.10000000000000142
CUERVO*,2026-02-16,18.75,19.16,18.72,19.05,0.3000000000000007
CUERVO*,2026-02-17,19.05,19.37,18.65,18.84,-0.21000000000000085
CUERVO*,2026-02-18,18.85,18.99,18.66,18.71,-0.14000000000000057
CUERVO*,2026-02-19,18.71,19.0,18.65,18.77,0.05999999999999872
CUERVO*,2026-02-20,18.72,18.94,18.6,18.86,0.14000000000000057
CUERVO*,2026-02-23,18.86,18.89,18.56,18.81,-0.05000000000000071
CUERVO*,2026-02-24,18.89,18.89,18.15,18.23,-0.6600000000000001
CUERVO*,2026-02-25,18.23,18.85,18.19,18.49,0.259999999999998
CUERVO*,2026-02-26,18.49,18.51,17.7,17.86,-0.629999999999999
CUERVO*,2026-02-27,17.4,17.74,16.92,17.49,0.08999999999999986
CUERVO*,2026-03-02,17.22,17.73,16.81,16.97,-0.25
CUERVO*,2026-03-03,16.97,17.06,16.51,17.06,0.08999999999999986
CUERVO*,2026-03-04,17.18,17.19,16.64,17.08,-0.10000000000000142
CUERVO*,2026-03-05,17.08,17.31,16.68,16.92,-0.1599999999999966
CUERVO*,2026-03-06,16.86,16.98,16.56,16.64,-0.21999999999999886
CUERVO*,2026-03-09,16.64,16.64,15.96,16.39,-0.25
CUERVO*,2026-03-10,16.24,16.3,15.65,15.73,-0.509999999999998
CUERVO*,2026-03-11,15.91,16.02,15.75,15.93,0.019999999999999574
GAPB,2026-02-03,484.55,493.43,477.26,489.28,4.729999999999961
GAPB,2026-02-04,490.05,491.33,472.5,475.43,-14.620000000000005
GAPB,2026-02-05,475.82,485.62,471.59,478.84,3.019999999999982
GAPB,2026-02-06,482.09,496.92,479.04,496.91,14.82000000000005
GAPB,2026-02-09,496.81,500.85,490.35,499.47,2.660000000000025
GAPB,2026-02-10,499.33,502.33,493.36,500.18,0.8500000000000227
GAPB,2026-02-11,503.47,505.14,493.99,503.1,-0.37000000000000455
GAPB,2026-02-12,505.34,506.0,486.74,487.0,-18.339999999999975
GAPB,2026-02-13,487.12,495.04,477.34,485.67,-1.4499999999999886
GAPB,2026-02-16,483.72,502.99,483.72,501.9,18.17999999999995
GAPB,2026-02-17,501.9,504.09,493.97,501.25,-0.6499999999999773
GAPB,2026-02-18,501.95,505.77,497.85,498.66,-3.2899999999999636
GAPB,2026-02-19,498.66,501.18,492.36,498.08,-0.5800000000000409
GAPB,2026-02-20,499.56,512.62,496.18,512.62,13.060000000000002
GAPB,2026-02-23,512.62,512.62,475.51,482.94,-29.680000000000007
GAPB,2026-02-24,477.96,477.96,444.46,455.5,-22.45999999999998
GAPB,2026-02-25,464.98,464.98,452.07,458.3,-6.680000000000007
GAPB,2026-02-26,458.3,464.8,456.0,463.6,5.300000000000011
GAPB,2026-02-27,458.92,461.82,448.31,449.96,-8.960000000000036
GAPB,2026-03-02,453.1,453.1,440.0,441.14,-11.960000000000036
GAPB,2026-03-03,441.14,441.73,419.96,425.26,-15.879999999999995
GAPB,2026-03-04,428.33,441.21,420.0,438.4,10.069999999999993
GAPB,2026-03-05,441.98,447.49,428.98,430.01,-11.970000000000027
GAPB,2026-03-06,431.39,431.39,414.38,423.04,-8.349999999999966
GAPB,2026-03-09,423.04,423.04,404.03,417.57,-5.470000000000027
GAPB,2026-03-10,419.27,423.68,415.73,419.5,0.2300000000000182
GAPB,2026-03-11,420.82,423.53,412.63,420.12,-0.6999999999999886
GCARSOA1,2026-02-03,118.97,125.18,118.97,122.84,3.8700000000000045
GCARSOA1,2026-02-04,122.84,123.43,120.03,121.52,-1.3200000000000074
GCARSOA1,2026-02-05,120.65,123.58,117.63,117.69,-2.960000000000008
GCARSOA1,2026-02-06,118.23,121.09,117.76,120.74,2.509999999999991
GCARSOA1,2026-02-09,120.24,121.79,119.46,121.13,0.8900000000000006
GCARSOA1,2026-02-10,120.81,124.37,120.07,121.78,0.9699999999999989
GCARSOA1,2026-02-11,122.17,122.63,119.59,121.4,-0.769999999999996
GCARSOA1,2026-02-12,121.33,123.94,119.55,122.84,1.5100000000000051
GCARSOA1,2026-02-13,122.84,129.87,122.47,129.2,6.359999999999985
GCARSOA1,2026-02-16,129.64,129.64,125.97,126.2,-3.4399999999999835
GCARSOA1,2026-02-17,126.32,129.5,125.74,128.65,2.3300000000000125
GCARSOA1,2026-02-18,127.43,130.18,125.79,125.91,-1.5200000000000102
GCARSOA1,2026-02-19,125.91,129.33,125.43,127.24,1.3299999999999983
GCARSOA1,2026-02-20,127.29,131.77,127.29,131.31,4.019999999999996
GCARSOA1,2026-02-23,131.31,134.0,129.13,133.71,2.4000000000000057
GCARSOA1,2026-02-24,133.18,133.75,129.66,133.21,0.030000000000001137
GCARSOA1,2026-02-25,132.23,133.03,126.45,127.31,-4.9199999999999875
GCARSOA1,2026-02-26,127.31,130.84,127.31,130.3,2.990000000000009
GCARSOA1,2026-02-27,129.21,135.98,127.76,134.93,5.719999999999999
GCARSOA1,2026-03-02,132.18,134.95,125.84,127.76,-4.420000000000002
GCARSOA1,2026-03-03,127.76,127.76,120.31,124.68,-3.0799999999999983
GCARSOA1,2026-03-04,124.49,128.78,123.65,127.86,3.3700000000000045
GCARSOA1,2026-03-05,127.61,128.86,125.03,125.86,-1.75
GCARSOA1,2026-03-06,124.01,125.41,121.6,121.66,-2.3500000000000085
GCARSOA1,2026-03-09,119.2,123.1,119.2,122.3,3.0999999999999943
GCARSOA1,2026-03-10,123.45,124.79,122.7,123.05,-0.4000000000000057
GCARSOA1,2026-03-11,122.6,123.43,121.82,123.43,0.8300000000000125
GCC*,2026-02-03,192.45,193.65,187.95,189.7,-2.75
GCC*,2026-02-04,189.7,194.57,189.7,191.65,1.950000000000017
GCC*,2026-02-05,192.54,197.28,187.01,196.41,3.8700000000000045
GCC*,2026-02-06,196.39,200.97,196.39,199.79,3.4000000000000057
GCC*,2026-02-09,200.72,200.95,195.0,195.0,-5.719999999999999
GCC*,2026-02-10,194.61,198.03,194.35,195.94,1.329999999999984
GCC*,2026-02-11,195.94,198.49,194.17,196.33,0.3900000000000148
GCC*,2026-02-12,197.16,197.16,192.6,194.11,-3.049999999999983
GCC*,2026-02-13,193.85,198.99,193.55,198.99,5.140000000000015
GCC*,2026-02-16,198.67,201.04,198.45,199.93,1.2600000000000193
GCC*,2026-02-17,199.49,201.5,197.46,199.3,-0.18999999999999773
GCC*,2026-02-18,199.5,203.04,199.49,201.28,1.7800000000000011
GCC*,2026-02-19,201.28,204.22,200.0,202.51,1.2299999999999898
GCC*,2026-02-20,202.52,204.97,201.8,204.57,2.049999999999983
GCC*,2026-02-23,204.57,204.99,199.06,202.16,-2.4099999999999966
GCC*,2026-02-24,201.28,204.85,200.34,202.89,1.6099999999999852
GCC*,2026-02-25,203.0,203.0,196.47,198.31,-4.689999999999998
GCC*,2026-02-26,198.31,198.91,193.85,198.15,-0.1599999999999966
GCC*,2026-02-27,197.23,202.96,195.97,200.63,3.4000000000000057
GCC*,2026-03-02,200.63,202.52,197.9,200.36,-0.2699999999999818
GCC*,2026-03-03,200.36,200.36,189.96,191.81,-8.550000000000011
GCC*,2026-03-04,191.81,199.97,191.43,199.97,8.159999999999997
GCC*,2026-03-05,198.23,199.49,192.64,193.49,-4.739999999999981
GCC*,2026-03-06,192.03,194.63,188.64,188.92,-3.1100000000000136
GCC*,2026-03-09,186.2,189.13,184.07,186.2,0.0
GCC*,2026-03-10,186.33,189.04,186.33,187.73,1.3999999999999773
GCC*,2026-03-11,188.53,190.06,186.6,189.58,1.0500000000000114
GENTERA*,2026-02-03,48.75,50.63,48.19,49.82,1.0700000000000003
GENTERA*,2026-02-04,49.82,50.67,49.42,50.5,0.6799999999999997
GENTERA*,2026-02-05,50.5,51.02,48.99,50.99,0.490000000000002
GENTERA*,2026-02-06,50.94,52.54,50.28,52.54,1.6000000000000014
GENTERA*,2026-02-09,52.07,54.95,52.07,54.37,2.299999999999997
GENTERA*,2026-02-10,54.44,54.57,53.59,53.75,-0.6899999999999977
GENTERA*,2026-02-11,53.7,53.95,52.55,53.68,-0.020000000000003126
GENTERA*,2026-02-12,53.12,53.64,51.42,51.97,-1.1499999999999986
GENTERA*,2026-02-13,51.97,53.63,51.97,53.49,1.5200000000000031
GENTERA*,2026-02-16,53.49,54.6,53.11,53.11,-0.38000000000000256
GENTERA*,2026-02-17,54.01,54.65,53.24,54.44,0.4299999999999997
GENTERA*,2026-02-18,54.34,54.62,53.62,54.2,-0.14000000000000057
GENTERA*,2026-02-19,54.2,54.59,52.83,52.95,-1.25
GENTERA*,2026-02-20,53.36,54.56,53.02,53.87,0.509999999999998
GENTERA*,2026-02-23,53.87,54.26,52.89,53.63,-0.23999999999999488
GENTERA*,2026-02-24,53.84,53.94,53.03,53.27,-0.5700000000000003
GENTERA*,2026-02-25,53.5,53.5,52.31,52.4,-1.1000000000000014
GENTERA*,2026-02-26,52.4,52.64,49.4,50.25,-2.1499999999999986
GENTERA*,2026-02-27,50.23,50.98,49.5,49.99,-0.23999999999999488
GENTERA*,2026-03-02,49.99,50.14,47.99,49.04,-0.9500000000000028
GENTERA*,2026-03-03,49.0,49.11,46.73,48.7,-0.29999999999999716
GENTERA*,2026-03-04,48.69,50.34,48.2,50.1,1.4100000000000037
GENTERA*,2026-03-05,49.82,50.35,48.33,48.41,-1.4100000000000037
GENTERA*,2026-03-06,48.41,48.61,46.89,47.66,-0.75
GENTERA*,2026-03-09,46.55,47.98,46.39,47.61,1.0600000000000023
GENTERA*,2026-03-10,48.12,49.59,47.81,48.83,0.7100000000000009
GENTERA*,2026-03-11,48.25,49.14,47.58,48.23,-0.020000000000003126
GMEXICOB,2026-02-03,203.8,209.64,194.05,209.0,5.199999999999989
GMEXICOB,2026-02-04,209.0,209.03,199.16,204.11,-4.889999999999986
GMEXICOB,2026-02-05,199.86,204.8,197.21,201.01,1.1499999999999773
GMEXICOB,2026-02-06,200.88,207.68,200.86,207.68,6.800000000000011
GMEXICOB,2026-02-09,208.63,213.31,208.31,209.21,0.5800000000000125
GMEXICOB,2026-02-10,208.92,209.46,201.5,201.89,-7.030000000000001
GMEXICOB,2026-02-11,204.32,206.26,201.72,206.26,1.9399999999999977
GMEXICOB,2026-02-12,207.27,207.6,200.53,202.52,-4.75
GMEXICOB,2026-02-13,202.52,205.2,198.52,204.49,1.9699999999999989
GMEXICOB,2026-02-16,204.49,205.46,202.1,203.8,-0.6899999999999977
GMEXICOB,2026-02-17,201.01,201.09,192.6,196.16,-4.849999999999994
GMEXICOB,2026-02-18,196.77,201.96,195.65,199.04,2.269999999999982
GMEXICOB,2026-02-19,199.04,202.99,196.89,202.55,3.5100000000000193
GMEXICOB,2026-02-20,201.6,205.0,201.6,205.0,3.4000000000000057
GMEXICOB,2026-02-23,205.0,208.52,204.23,205.0,0.0
GMEXICOB,2026-02-24,204.99,208.49,202.97,208.1,3.109999999999985
GMEXICOB,2026-02-25,207.28,214.42,207.28,213.95,6.6699999999999875
GMEXICOB,2026-02-26,213.95,216.69,210.0,216.64,2.6899999999999977
GMEXICOB,2026-02-27,216.64,220.91,214.36,218.26,1.6200000000000045
GMEXICOB,2026-03-02,218.26,220.82,215.25,220.14,1.8799999999999955
GMEXICOB,2026-03-03,220.14,220.14,198.91,205.75,-14.389999999999986
GMEXICOB,2026-03-04,210.37,213.52,205.1,212.88,2.509999999999991
GMEXICOB,2026-03-05,212.88,213.0,199.4,200.47,-12.409999999999997
GMEXICOB,2026-03-06,200.47,201.05,193.55,194.19,-6.280000000000001
GMEXICOB,2026-03-09,186.45,195.23,186.45,195.23,8.780000000000001
GMEXICOB,2026-03-10,199.5,204.16,198.21,199.66,0.1599999999999966
GMEXICOB,2026-03-11,198.23,202.53,197.03,201.98,3.75
GRUMAB,2026-02-03,318.46,325.27,314.32,324.99,6.53000000000003
GRUMAB,2026-02-04,324.99,326.99,322.46,326.36,1.3700000000000045
GRUMAB,2026-02-05,323.75,329.97,321.24,326.73,2.980000000000018
GRUMAB,2026-02-06,326.57,338.62,325.21,338.4,11.829999999999984
GRUMAB,2026-02-09,338.13,349.6,335.24,349.34,11.20999999999998
GRUMAB,2026-02-10,344.07,351.49,343.88,344.0,-0.06999999999999318
GRUMAB,2026-02-11,344.4,346.98,341.84,343.52,-0.8799999999999955
GRUMAB,2026-02-12,342.36,346.65,336.58,340.76,-1.6000000000000227
GRUMAB,2026-02-13,340.81,347.33,340.57,346.47,5.660000000000025
GRUMAB,2026-02-16,346.47,347.9,343.0,343.0,-3.4700000000000273
GRUMAB,2026-02-17,345.05,347.47,340.39,345.86,0.8100000000000023
GRUMAB,2026-02-18,342.15,348.45,338.43,341.27,-0.8799999999999955
GRUMAB,2026-02-19,341.27,341.27,313.5,315.0,-26.269999999999982
GRUMAB,2026-02-20,310.75,315.38,310.75,313.74,2.990000000000009
GRUMAB,2026-02-23,313.74,314.31,311.0,312.39,-1.3500000000000227
GRUMAB,2026-02-24,311.79,315.49,310.25,310.76,-1.0300000000000296
GRUMAB,2026-02-25,310.76,311.71,308.03,308.39,-2.3700000000000045
GRUMAB,2026-02-26,308.39,312.67,308.39,311.54,3.150000000000034
GRUMAB,2026-02-27,312.82,312.82,307.24,310.52,-2.3000000000000114
GRUMAB,2026-03-02,310.52,310.52,305.67,308.5,-2.019999999999982
GRUMAB,2026-03-03,308.5,308.5,304.09,306.15,-2.3500000000000227
GRUMAB,2026-03-04,307.89,316.53,305.69,314.79,6.900000000000034
GRUMAB,2026-03-05,320.98,321.48,314.17,315.89,-5.090000000000032
GRUMAB,2026-03-06,309.78,315.95,308.18,314.4,4.6200000000000045
GRUMAB,2026-03-09,308.61,314.13,307.74,313.27,4.659999999999968
GRUMAB,2026-03-10,311.66,312.98,307.33,309.99,-1.670000000000016
GRUMAB,2026-03-11,309.99,314.87,309.78,311.45,1.4599999999999795
KIMBERA,2026-02-03,38.88,39.74,38.71,39.49,0.6099999999999994
KIMBERA,2026-02-04,39.49,40.16,38.78,39.18,-0.3100000000000023
KIMBERA,2026-02-05,39.6,40.19,39.07,40.09,0.490000000000002
KIMBERA,2026-02-06,39.83,41.3,39.83,41.18,1.3500000000000014
KIMBERA,2026-02-09,41.07,41.5,41.03,41.5,0.4299999999999997
KIMBERA,2026-02-10,41.6,42.3,41.59,42.25,0.6499999999999986
KIMBERA,2026-02-11,42.37,42.56,41.79,41.85,-0.519999999999996
KIMBERA,2026-02-12,41.89,42.84,41.63,42.7,0.8100000000000023
KIMBERA,2026-02-13,42.89,42.89,41.91,42.21,-0.6799999999999997
KIMBERA,2026-02-16,42.21,43.79,42.07,43.79,1.5799999999999983
KIMBERA,2026-02-17,43.16,43.53,42.22,42.55,-0.6099999999999994
KIMBERA,2026-02-18,42.55,42.62,41.48,41.87,-0.6799999999999997
KIMBERA,2026-02-19,41.87,42.48,41.8,41.95,0.0800000000000054
KIMBERA,2026-02-20,41.87,42.8,41.83,42.59,0.720000000000006
KIMBERA,2026-02-23,42.59,42.81,42.05,42.56,-0.030000000000001137
KIMBERA,2026-02-24,42.62,42.97,42.01,42.34,-0.27999999999999403
KIMBERA,2026-02-25,42.3,43.16,42.04,42.7,0.4000000000000057
KIMBERA,2026-02-26,42.7,43.78,42.66,43.2,0.5
KIMBERA,2026-02-27,43.0,43.61,43.0,43.19,0.18999999999999773
KIMBERA,2026-03-02,42.98,43.66,42.85,43.06,0.0800000000000054
KIMBERA,2026-03-03,43.06,43.06,41.07,42.11,-0.9500000000000028
KIMBERA,2026-03-04,41.96,43.25,41.95,43.12,1.1599999999999966
KIMBERA,2026-03-05,42.75,43.22,42.16,42.45,-0.29999999999999716
KIMBERA,2026-03-06,42.45,42.45,41.22,41.54,-0.9100000000000037
KIMBERA,2026-03-09,40.37,41.57,40.02,41.29,0.9200000000000017
KIMBERA,2026-03-10,40.93,41.69,40.84,41.5,0.5700000000000003
KIMBERA,2026-03-11,41.5,41.75,41.18,41.75,0.25
LABB,2026-02-03,16.68,16.7,16.21,16.45,-0.23000000000000043
LABB,2026-02-04,16.38,16.57,15.9,16.02,-0.35999999999999943
LABB,2026-02-05,16.02,16.31,15.92,16.21,0.19000000000000128
LABB,2026-02-06,16.2,17.0,16.19,16.81,0.6099999999999994
LABB,2026-02-09,16.74,17.19,16.56,17.12,0.38000000000000256
LABB,2026-02-10,17.19,17.76,17.14,17.62,0.4299999999999997
LABB,2026-02-11,17.54,17.68,17.25,17.68,0.14000000000000057
LABB,2026-02-12,17.68,17.9,17.33,17.53,-0.14999999999999858
LABB,2026-02-13,17.68,17.95,17.4,17.94,0.26000000000000156
LABB,2026-02-16,17.94,18.0,17.46,17.55,-0.39000000000000057
LABB,2026-02-17,17.5,17.94,17.5,17.82,0.3200000000000003
LABB,2026-02-18,17.6,17.87,17.18,17.34,-0.26000000000000156
LABB,2026-02-19,17.34,17.62,17.34,17.44,0.10000000000000142
LABB,2026-02-20,17.44,17.61,17.39,17.57,0.129999999999999
LABB,2026-02-23,17.57,17.57,17.1,17.3,-0.2699999999999996
LABB,2026-02-24,17.3,17.65,17.13,17.52,0.21999999999999886
LABB,2026-02-25,17.45,17.58,17.32,17.4,-0.05000000000000071
LABB,2026-02-26,17.21,17.8,16.9,17.79,0.5799999999999983
LABB,2026-02-27,17.77,18.46,17.6,18.28,0.5100000000000016
LABB,2026-03-02,18.13,18.23,17.62,17.76,-0.36999999999999744
LABB,2026-03-03,17.76,17.76,17.2,17.58,-0.18000000000000327
LABB,2026-03-04,17.45,17.67,17.26,17.67,0.22000000000000242
LABB,2026-03-05,17.58,17.82,17.4,17.7,0.120000000000001
LABB,2026-03-06,17.46,17.74,17.46,17.68,0.21999999999999886
LABB,2026-03-09,17.47,17.65,17.47,17.62,0.15000000000000213
LABB,2026-03-10,17.62,17.77,17.61,17.76,0.14000000000000057
LABB,2026-03-11,17.77,17.87,17.53,17.87,0.10000000000000142
LACOMERUBC,2026-02-03,37.56,38.22,37.47,37.94,0.37999999999999545
LACOMERUBC,2026-02-04,37.94,38.16,37.6,37.73,-0.21000000000000085
LACOMERUBC,2026-02-05,37.73,38.18,37.13,37.51,-0.21999999999999886
LACOMERUBC,2026-02-06,37.39,38.44,37.39,38.19,0.7999999999999972
LACOMERUBC,2026-02-09,38.41,38.89,38.2,38.49,0.0800000000000054
LACOMERUBC,2026-02-10,38.34,38.61,38.01,38.29,-0.05000000000000426
LACOMERUBC,2026-02-11,38.29,38.39,37.89,38.1,-0.18999999999999773
LACOMERUBC,2026-02-12,38.12,38.57,37.85,38.33,0.21000000000000085
LACOMERUBC,2026-02-13,38.25,38.78,38.14,38.62,0.36999999999999744
LACOMERUBC,2026-02-16,38.62,38.85,38.21,38.37,-0.25
LACOMERUBC,2026-02-17,38.78,39.0,38.35,38.85,0.07000000000000028
LACOMERUBC,2026-02-18,38.85,39.46,38.67,38.94,0.0899999999999963
LACOMERUBC,2026-02-19,38.94,39.21,38.34,38.85,-0.0899999999999963
LACOMERUBC,2026-02-20,38.92,39.06,38.58,38.87,-0.05000000000000426
LACOMERUBC,2026-02-23,38.88,38.88,37.67,38.1,-0.7800000000000011
LACOMERUBC,2026-02-24,38.12,38.18,37.6,38.15,0.030000000000001137
LACOMERUBC,2026-02-25,38.03,38.1,37.62,37.7,-0.3299999999999983
LACOMERUBC,2026-02-26,37.7,38.31,37.37,38.03,0.3299999999999983
LACOMERUBC,2026-02-27,38.08,39.44,37.84,38.96,0.8800000000000026
LACOMERUBC,2026-03-02,38.93,38.93,38.01,38.25,-0.6799999999999997
LACOMERUBC,2026-03-03,38.25,38.25,37.07,37.54,-0.7100000000000009
LACOMERUBC,2026-03-04,37.51,38.88,37.31,38.85,1.3400000000000034
LACOMERUBC,2026-03-05,38.82,38.82,37.92,37.92,-0.8999999999999986
LACOMERUBC,2026-03-06,37.92,38.28,37.24,37.57,-0.3500000000000014
LACOMERUBC,2026-03-09,37.75,39.05,37.74,38.99,1.240000000000002
LACOMERUBC,2026-03-10,38.84,39.04,38.73,39.02,0.17999999999999972
LACOMERUBC,2026-03-11,38.92,39.2,38.7,39.1,0.17999999999999972
LIVEPOLC-1,2026-02-03,105.07,105.07,100.12,100.37,-4.699999999999989
LIVEPOLC-1,2026-02-04,100.37,102.85,100.19,102.12,1.75
LIVEPOLC-1,2026-02-05,101.78,102.35,99.61,99.69,-2.0900000000000034
LIVEPOLC-1,2026-02-06,100.0,102.19,100.0,101.31,1.3100000000000023
LIVEPOLC-1,2026-02-09,101.35,103.03,101.35,102.8,1.4500000000000028
LIVEPOLC-1,2026-02-10,102.68,103.24,102.0,102.34,-0.3400000000000034
LIVEPOLC-1,2026-02-11,102.04,103.02,102.04,102.54,0.5
LIVEPOLC-1,2026-02-12,102.68,103.58,101.92,101.92,-0.7600000000000051
LIVEPOLC-1,2026-02-13,102.39,104.8,102.39,104.29,1.9000000000000057
LIVEPOLC-1,2026-02-16,104.29,105.03,103.85,104.89,0.5999999999999943
LIVEPOLC-1,2026-02-17,104.63,106.7,104.3,105.5,0.8700000000000045
LIVEPOLC-1,2026-02-18,105.55,106.28,104.92,105.54,-0.009999999999990905
LIVEPOLC-1,2026-02-19,105.54,106.13,104.3,104.31,-1.230000000000004
LIVEPOLC-1,2026-02-20,105.42,106.0,105.0,105.68,0.2600000000000051
LIVEPOLC-1,2026-02-23,105.88,106.43,104.81,105.06,-0.8199999999999932
LIVEPOLC-1,2026-02-24,105.39,106.5,105.01,105.79,0.4000000000000057
LIVEPOLC-1,2026-02-25,106.31,106.73,105.06,106.67,0.35999999999999943
LIVEPOLC-1,2026-02-26,106.67,106.67,105.29,105.58,-1.0900000000000034
LIVEPOLC-1,2026-02-27,105.27,107.9,105.27,107.68,2.410000000000011
LIVEPOLC-1,2026-03-02,107.37,109.84,107.11,108.75,1.3799999999999955
LIVEPOLC-1,2026-03-03,108.75,111.22,108.42,109.5,0.75
LIVEPOLC-1,2026-03-04,109.76,112.06,109.3,110.61,0.8499999999999943
LIVEPOLC-1,2026-03-05,110.95,111.48,107.97,108.83,-2.1200000000000045
LIVEPOLC-1,2026-03-06,108.55,110.07,106.72,107.02,-1.5300000000000011
LIVEPOLC-1,2026-03-09,107.02,107.19,102.34,104.4,-2.6199999999999903
LIVEPOLC-1,2026-03-10,104.97,104.97,101.05,103.63,-1.3400000000000034
LIVEPOLC-1,2026-03-11,104.31,104.86,103.52,104.86,0.5499999999999972
MEGACPO,2026-02-03,61.44,63.5,60.94,61.55,0.10999999999999943
MEGACPO,2026-02-04,61.55,62.28,60.58,60.71,-0.8399999999999963
MEGACPO,2026-02-05,60.83,62.68,60.29,60.65,-0.17999999999999972
MEGACPO,2026-02-06,60.63,63.41,60.63,62.95,2.3200000000000003
MEGACPO,2026-02-09,62.56,63.89,62.56,63.2,0.6400000000000006
MEGACPO,2026-02-10,63.19,64.49,63.12,64.08,0.8900000000000006
MEGACPO,2026-02-11,64.12,64.12,63.62,63.66,-0.46000000000000796
MEGACPO,2026-02-12,63.7,65.0,63.0,63.49,-0.21000000000000085
MEGACPO,2026-02-13,63.45,65.47,63.36,64.54,1.0900000000000034
MEGACPO,2026-02-16,64.88,67.5,64.46,67.5,2.6200000000000045
MEGACPO,2026-02-17,67.5,68.58,66.59,66.91,-0.5900000000000034
MEGACPO,2026-02-18,67.2,69.32,67.02,67.5,0.29999999999999716
MEGACPO,2026-02-19,67.5,67.83,65.28,65.95,-1.5499999999999972
MEGACPO,2026-02-20,65.95,67.91,65.66,67.2,1.25
MEGACPO,2026-02-23,67.16,68.44,66.95,67.81,0.6500000000000057
MEGACPO,2026-02-24,67.69,68.33,65.79,67.17,-0.519999999999996
MEGACPO,2026-02-25,67.17,67.28,66.71,66.71,-0.46000000000000796
MEGACPO,2026-02-26,66.71,67.24,66.53,66.53,-0.1799999999999926
MEGACPO,2026-02-27,66.65,67.14,65.98,66.79,0.14000000000000057
MEGACPO,2026-03-02,66.17,66.8,64.65,65.4,-0.769999999999996
MEGACPO,2026-03-03,65.4,65.61,60.81,60.81,-4.590000000000003
MEGACPO,2026-03-04,60.8,65.43,60.78,64.04,3.240000000000009
MEGACPO,2026-03-05,64.26,64.26,63.34,63.64,-0.6200000000000045
MEGACPO,2026-03-06,62.47,63.72,62.2,62.34,-0.12999999999999545
MEGACPO,2026-03-09,61.44,61.44,60.49,60.78,-0.6599999999999966
MEGACPO,2026-03-10,60.84,61.4,60.19,60.9,0.05999999999999517
MEGACPO,2026-03-11,61.18,61.36,60.73,61.07,-0.10999999999999943
OMAB,2026-02-03,255.18,260.67,253.54,257.8,2.6200000000000045
OMAB,2026-02-04,257.8,263.06,253.65,255.74,-2.0600000000000023
OMAB,2026-02-05,255.72,261.73,254.51,260.36,4.640000000000015
OMAB,2026-02-06,259.48,268.47,258.18,268.47,8.990000000000009
OMAB,2026-02-09,268.47,274.33,267.92,274.33,5.859999999999957
OMAB,2026-02-10,271.84,275.19,269.99,273.75,1.910000000000025
OMAB,2026-02-11,274.05,277.48,272.99,277.3,3.25
OMAB,2026-02-12,276.3,279.17,270.54,271.86,-4.439999999999998
OMAB,2026-02-13,271.86,275.54,270.63,275.5,3.6399999999999864
OMAB,2026-02-16,276.1,278.48,272.6,277.05,0.9499999999999886
OMAB,2026-02-17,277.05,282.8,276.34,282.05,5.0
OMAB,2026-02-18,282.97,285.58,279.26,280.78,-2.1900000000000546
OMAB,2026-02-19,280.78,282.96,277.53,279.47,-1.3099999999999454
OMAB,2026-02-20,280.03,289.19,279.8,286.92,6.890000000000043
OMAB,2026-02-23,286.92,288.08,277.71,281.56,-5.360000000000014
OMAB,2026-02-24,276.21,282.69,251.06,273.69,-2.519999999999982
OMAB,2026-02-25,276.51,277.0,267.79,271.08,-5.430000000000007
OMAB,2026-02-26,271.08,275.26,267.94,269.33,-1.75
OMAB,2026-02-27,269.44,270.13,262.51,263.16,-6.279999999999973
OMAB,2026-03-02,261.2,263.11,253.5,257.86,-3.339999999999975
OMAB,2026-03-03,257.86,257.95,246.57,248.55,-9.310000000000002
OMAB,2026-03-04,249.12,255.48,245.19,254.03,4.909999999999997
OMAB,2026-03-05,253.23,256.95,250.56,250.94,-2.289999999999992
OMAB,2026-03-06,250.94,250.96,241.1,245.52,-5.4199999999999875
OMAB,2026-03-09,234.71,246.07,234.71,244.32,9.609999999999985
OMAB,2026-03-10,243.03,251.27,243.0,247.03,4.0
OMAB,2026-03-11,247.6,247.6,241.53,243.78,-3.819999999999993
ORBIA*,2026-02-03,18.45,18.73,17.76,18.47,0.019999999999999574
ORBIA*,2026-02-04,18.36,19.47,18.36,19.37,1.0100000000000016
ORBIA*,2026-02-05,19.29,19.62,18.4,19.56,0.2699999999999996
ORBIA*,2026-02-06,19.58,21.08,19.55,20.81,1.2300000000000004
ORBIA*,2026-02-09,21.47,22.08,20.74,21.53,0.060000000000002274
ORBIA*,2026-02-10,21.69,21.69,21.21,21.21,-0.4800000000000004
ORBIA*,2026-02-11,21.39,21.41,21.08,21.17,-0.21999999999999886
ORBIA*,2026-02-12,21.31,21.34,21.01,21.1,-0.2099999999999973
ORBIA*,2026-02-13,21.09,21.11,20.51,20.86,-0.23000000000000043
ORBIA*,2026-02-16,20.86,21.57,20.77,20.99,0.129999999999999
ORBIA*,2026-02-17,20.78,21.01,20.37,20.92,0.14000000000000057
ORBIA*,2026-02-18,21.07,21.11,20.77,21.02,-0.05000000000000071
ORBIA*,2026-02-19,21.02,21.64,20.8,21.24,0.21999999999999886
ORBIA*,2026-02-20,21.43,21.43,20.78,20.96,-0.46999999999999886
ORBIA*,2026-02-23,20.96,21.17,19.98,20.1,-0.8599999999999994
ORBIA*,2026-02-24,20.1,20.74,19.75,20.49,0.389999999999997
ORBIA*,2026-02-25,20.49,20.65,19.68,20.25,-0.23999999999999844
ORBIA*,2026-02-26,20.25,20.67,19.76,20.23,-0.019999999999999574
ORBIA*,2026-02-27,20.23,20.51,20.05,20.32,0.08999999999999986
ORBIA*,2026-03-02,20.19,20.41,19.26,19.64,-0.5500000000000007
ORBIA*,2026-03-03,19.64,19.64,18.16,18.36,-1.2800000000000011
ORBIA*,2026-03-04,18.34,19.17,18.18,18.66,0.3200000000000003
ORBIA*,2026-03-05,18.36,18.67,17.7,17.89,-0.46999999999999886
ORBIA*,2026-03-06,17.85,18.54,17.85,18.33,0.4799999999999969
ORBIA*,2026-03-09,17.83,18.21,17.79,18.12,0.2900000000000027
ORBIA*,2026-03-10,18.19,18.46,18.05,18.45,0.259999999999998
ORBIA*,2026-03-11,18.52,19.47,18.42,19.39,0.870000000000001
PINFRA*,2026-02-03,276.65,292.8,273.26,290.98,14.330000000000041
PINFRA*,2026-02-04,290.98,293.99,285.86,289.65,-1.330000000000041
PINFRA*,2026-02-05,289.64,291.82,284.14,289.94,0.30000000000001137
PINFRA*,2026-02-06,287.94,301.31,287.42,299.44,11.5
PINFRA*,2026-02-09,299.9,313.33,298.12,303.09,3.1899999999999977
PINFRA*,2026-02-10,301.45,301.54,296.97,298.51,-2.9399999999999977
PINFRA*,2026-02-11,304.04,306.68,299.36,302.53,-1.5100000000000477
PINFRA*,2026-02-12,302.89,303.45,293.79,294.0,-8.889999999999986
PINFRA*,2026-02-13,294.33,295.52,286.99,294.8,0.4700000000000273
PINFRA*,2026-02-16,294.8,299.99,293.22,296.7,1.8999999999999773
PINFRA*,2026-02-17,299.09,299.09,291.14,295.65,-3.4399999999999977
PINFRA*,2026-02-18,295.95,297.04,291.27,291.36,-4.589999999999975
PINFRA*,2026-02-19,291.36,295.37,289.4,289.4,-1.9600000000000364
PINFRA*,2026-02-20,290.22,293.53,280.66,286.67,-3.5500000000000114
PINFRA*,2026-02-23,286.67,288.04,281.52,284.81,-1.8600000000000136
PINFRA*,2026-02-24,284.81,286.66,277.41,281.39,-3.420000000000016
PINFRA*,2026-02-25,281.55,284.49,279.25,284.49,2.9399999999999977
PINFRA*,2026-02-26,284.49,289.0,283.96,285.79,1.3000000000000114
PINFRA*,2026-02-27,286.01,290.26,283.27,283.71,-2.3000000000000114
PINFRA*,2026-03-02,281.57,286.04,280.14,283.27,1.6999999999999886
PINFRA*,2026-03-03,283.27,283.27,268.94,278.18,-5.089999999999975
PINFRA*,2026-03-04,283.47,288.21,277.66,286.37,2.8999999999999773
PINFRA*,2026-03-05,284.81,287.54,278.5,279.7,-5.110000000000014
PINFRA*,2026-03-06,279.7,286.14,276.49,278.48,-1.2199999999999704
PINFRA*,2026-03-09,266.59,277.69,266.02,271.16,4.57000000000005
PINFRA*,2026-03-10,270.22,278.33,269.78,277.78,7.559999999999945
PINFRA*,2026-03-11,275.56,278.6,273.67,276.15,0.589999999999975
Q*,2026-02-03,163.0,165.15,160.91,163.64,0.6399999999999864
Q*,2026-02-04,163.64,164.52,161.81,164.01,0.37000000000000455
Q*,2026-02-05,164.01,165.76,162.48,165.01,1.0
Q*,2026-02-06,164.01,169.8,164.01,169.8,5.7900000000000205
Q*,2026-02-09,169.36,171.13,166.63,170.4,1.039999999999992
Q*,2026-02-10,170.21,171.99,168.78,169.52,-0.6899999999999977
Q*,2026-02-11,170.48,170.74,167.03,170.0,-0.47999999999998977
Q*,2026-02-12,169.54,171.5,167.11,169.96,0.4200000000000159
Q*,2026-02-13,169.96,172.39,169.69,171.79,1.829999999999984
Q*,2026-02-16,171.79,172.58,169.69,171.25,-0.539999999999992
Q*,2026-02-17,171.25,175.98,171.25,174.04,2.789999999999992
Q*,2026-02-18,174.04,175.26,173.0,173.25,-0.789999999999992
Q*,2026-02-19,173.25,176.42,171.02,175.0,1.75
Q*,2026-02-20,173.75,174.93,171.48,172.26,-1.490000000000009
Q*,2026-02-23,172.26,173.64,168.36,170.17,-2.0900000000000034
Q*,2026-02-24,170.17,172.65,167.46,168.07,-2.0999999999999943
Q*,2026-02-25,167.91,169.67,165.68,166.05,-1.8599999999999852
Q*,2026-02-26,166.05,168.68,164.55,166.0,-0.05000000000001137
Q*,2026-02-27,165.81,171.76,165.38,168.0,2.1899999999999977
Q*,2026-03-02,168.0,168.43,162.78,164.7,-3.3000000000000114
Q*,2026-03-03,164.15,164.15,156.85,161.5,-2.6500000000000057
Q*,2026-03-04,161.5,169.49,161.5,168.62,7.1200000000000045
Q*,2026-03-05,168.62,168.82,164.4,166.33,-2.289999999999992
Q*,2026-03-06,166.33,167.82,165.02,166.82,0.4899999999999807
Q*,2026-03-09,167.41,170.35,166.38,170.35,2.9399999999999977
Q*,2026-03-10,168.33,169.0,162.7,164.28,-4.050000000000011
Q*,2026-03-11,163.11,165.04,162.82,164.66,1.549999999999983
RA,2026-02-03,155.98,160.59,155.98,157.83,1.8500000000000227
RA,2026-02-04,157.83,159.4,156.68,157.72,-0.11000000000001364
RA,2026-02-05,157.95,158.99,155.29,158.21,0.2600000000000193
RA,2026-02-06,158.41,159.5,155.73,158.0,-0.4099999999999966
RA,2026-02-09,158.18,160.48,157.98,159.7,1.5199999999999818
RA,2026-02-10,159.97,162.5,159.51,161.83,1.8600000000000136
RA,2026-02-11,161.83,162.92,158.25,159.27,-2.5600000000000023
RA,2026-02-12,159.27,162.89,157.27,161.22,1.9499999999999886
RA,2026-02-13,160.7,162.1,159.5,161.89,1.1899999999999977
RA,2026-02-16,161.89,162.48,158.45,162.02,0.13000000000002387
RA,2026-02-17,161.86,162.49,157.19,162.27,0.4099999999999966
RA,2026-02-18,162.44,164.32,161.86,162.4,-0.03999999999999204
RA,2026-02-19,162.4,163.89,161.98,162.22,-0.18000000000000682
RA,2026-02-20,162.22,163.0,160.43,160.79,-1.4300000000000068
RA,2026-02-23,160.79,161.8,157.5,159.8,-0.9899999999999807
RA,2026-02-24,159.8,160.85,157.03,159.99,0.18999999999999773
RA,2026-02-25,159.57,162.77,159.57,159.77,0.20000000000001705
RA,2026-02-26,159.77,160.79,158.13,158.99,-0.7800000000000011
RA,2026-02-27,158.32,163.07,157.5,160.95,2.6299999999999955
RA,2026-03-02,158.58,161.72,152.39,155.1,-3.480000000000018
RA,2026-03-03,155.1,155.1,146.86,150.86,-4.239999999999981
RA,2026-03-04,151.4,158.49,151.06,158.14,6.739999999999981
RA,2026-03-05,158.19,158.19,151.9,152.02,-6.1699999999999875
RA,2026-03-06,149.04,152.31,147.55,148.6,-0.4399999999999977
RA,2026-03-09,144.39,148.51,144.13,146.43,2.0400000000000205
RA,2026-03-10,146.79,151.0,146.79,149.3,2.5100000000000193
RA,2026-03-11,148.06,148.88,145.59,146.94,-1.1200000000000045
TLEVISACPO,2026-02-03,11.56,11.56,10.83,11.08,-0.4800000000000004
TLEVISACPO,2026-02-04,11.08,11.18,11.0,11.06,-0.019999999999999574
TLEVISACPO,2026-02-05,11.06,11.19,10.72,10.88,-0.17999999999999972
TLEVISACPO,2026-02-06,10.91,11.18,10.84,10.95,0.03999999999999915
TLEVISACPO,2026-02-09,10.88,11.19,10.88,11.06,0.17999999999999972
TLEVISACPO,2026-02-10,11.19,11.35,11.01,11.29,0.09999999999999964
TLEVISACPO,2026-02-11,11.33,11.49,11.11,11.37,0.03999999999999915
TLEVISACPO,2026-02-12,11.53,11.83,11.3,11.31,-0.21999999999999886
TLEVISACPO,2026-02-13,11.35,11.46,11.08,11.45,0.09999999999999964
TLEVISACPO,2026-02-16,11.46,11.58,11.38,11.54,0.0799999999999983
TLEVISACPO,2026-02-17,11.53,11.57,10.89,11.14,-0.3899999999999988
TLEVISACPO,2026-02-18,11.11,11.62,11.11,11.62,0.5099999999999998
TLEVISACPO,2026-02-19,11.62,11.96,11.51,11.63,0.010000000000001563
TLEVISACPO,2026-02-20,11.6,11.79,11.47,11.74,0.14000000000000057
TLEVISACPO,2026-02-23,11.74,11.82,11.25,11.53,-0.21000000000000085
TLEVISACPO,2026-02-24,11.48,11.51,11.34,11.38,-0.09999999999999964
TLEVISACPO,2026-02-25,11.4,11.4,10.92,10.92,-0.4800000000000004
TLEVISACPO,2026-02-26,10.92,11.04,10.85,10.95,0.02999999999999936
TLEVISACPO,2026-02-27,10.7,10.84,9.74,10.23,-0.46999999999999886
TLEVISACPO,2026-03-02,10.21,10.21,9.5,9.73,-0.4800000000000004
TLEVISACPO,2026-03-03,9.59,9.94,9.11,9.77,0.17999999999999972
TLEVISACPO,2026-03-04,9.8,10.27,9.7,10.17,0.3699999999999992
TLEVISACPO,2026-03-05,10.15,10.21,9.88,10.02,-0.13000000000000078
TLEVISACPO,2026-03-06,10.02,10.27,9.88,10.09,0.07000000000000028
TLEVISACPO,2026-03-09,10.17,10.5,10.13,10.5,0.33000000000000007
TLEVISACPO,2026-03-10,10.43,10.46,10.13,10.38,-0.049999999999998934
TLEVISACPO,2026-03-11,10.34,10.49,10.28,10.44,0.09999999999999964
VESTA*,2026-02-03,53.45,54.44,53.45,54.39,0.9399999999999977
VESTA*,2026-02-04,54.39,55.2,53.96,54.66,0.269999999999996
VESTA*,2026-02-05,54.49,55.05,54.02,54.66,0.1699999999999946
VESTA*,2026-02-06,54.66,55.46,54.09,55.44,0.7800000000000011
VESTA*,2026-02-09,55.12,57.48,55.12,57.4,2.280000000000001
VESTA*,2026-02-10,57.37,57.69,56.56,57.03,-0.3399999999999963
VESTA*,2026-02-11,57.24,57.49,53.53,56.73,-0.5100000000000051
VESTA*,2026-02-12,56.84,57.87,56.49,57.14,0.29999999999999716
VESTA*,2026-02-13,57.39,58.84,57.08,58.49,1.1000000000000014
VESTA*,2026-02-16,58.49,58.65,57.29,58.24,-0.25
VESTA*,2026-02-17,58.24,58.79,57.5,57.6,-0.6400000000000006
VESTA*,2026-02-18,57.7,57.93,57.38,57.88,0.17999999999999972
VESTA*,2026-02-19,57.88,58.84,57.44,57.94,0.05999999999999517
VESTA*,2026-02-20,58.92,61.42,58.08,61.08,2.1599999999999966
VESTA*,2026-02-23,61.08,62.58,60.54,61.94,0.8599999999999994
VESTA*,2026-02-24,62.15,64.0,61.89,63.62,1.4699999999999989
VESTA*,2026-02-25,63.72,64.33,62.42,63.07,-0.6499999999999986
VESTA*,2026-02-26,63.07,63.23,62.7,63.07,0.0
VESTA*,2026-02-27,62.75,64.03,62.49,63.26,0.509999999999998
VESTA*,2026-03-02,63.37,63.81,60.15,60.59,-2.779999999999994
VESTA*,2026-03-03,60.59,60.59,57.88,59.04,-1.5500000000000043
VESTA*,2026-03-04,58.85,60.17,58.7,59.89,1.0399999999999991
VESTA*,2026-03-05,59.4,60.04,59.26,59.76,0.35999999999999943
VESTA*,2026-03-06,59.42,59.98,58.83,58.87,-0.5500000000000043
VESTA*,2026-03-09,57.77,58.93,57.53,58.15,0.37999999999999545
VESTA*,2026-03-10,58.66,59.39,58.14,59.05,0.39000000000000057
VESTA*,2026-03-11,59.1,59.39,58.26,58.49,-0.6099999999999994
